Espacialidades,Taxa de atividade - 18 anos ou mais 2010,Taxa de desocupação - 18 anos ou mais 2010,% da população em domicílios com banheiro e água encanada 2010,% da população em domicílios com coleta de lixo 2010,% da população em domicílios com energia elétrica 2010,Esperança de vida ao nascer 2010,PEA - 18 anos ou mais 2010,Taxa de fecundidade total 2010,Razão de dependência 2010,Taxa de envelhecimento 2010,Taxa de analfabetismo - 18 anos ou mais 2010,% de 18 anos ou mais com fundamental completo 2010,Renda per capita 2010,% de pobres 2010
Abadia dos Dourados (MG),65.97,3.78,98.18,98.03,98.55,75.35,3322,1.97,42.76,9.77,9.67,39.36,596.18,7.94
Abaeté (MG),65.9,4.38,97.43,98.42,99.92,75.9,11034,2.33,45.23,10.13,9.28,36.32,707.24,6.69
Abre Campo (MG),63.8,2.9,98.77,95.55,99.36,74.36,6016,1.87,49.53,9.92,13.1,31.69,444.32,23.33
Acaiaca (MG),57.71,20.77,99.59,99.28,99.83,74.36,1601,1.91,53.18,11.4,14.95,34.16,357.03,26.53
Açucena (MG),54.21,5.05,82.93,49.38,95.13,75.66,3810,2.11,60.26,12.08,21.44,27.12,325.42,30.7
Água Boa (MG),68.48,4.54,66.55,82.48,92.94,72.94,6473,2.43,63.09,7.96,30.15,24.73,322.12,31.79
Água Comprida (MG),69.81,2.5,99,99.87,100,76.58,1070,2.29,41.41,10.27,8.41,32.37,701.19,4.39
Aguanil (MG),64.85,5.04,99.42,99.11,100,75.7,1953,2.22,45.67,9.97,13.93,33.23,524.43,8.51
Águas Formosas (MG),65.49,7.48,84.4,96.82,97.39,73.63,8060,2.67,58.29,9.91,26.44,36.82,389.57,31.69
Águas Vermelhas (MG),54.85,6.5,81.92,97.75,98.45,73.46,4585,2.6,55.03,7.88,30.09,27.75,306.97,33.19
Aimorés (MG),61.54,7.19,97.46,96.41,99.96,73.58,11157,2.11,50.1,11.09,15.42,40.89,567.46,14.09
Aiuruoca (MG),68.45,3.29,99.18,99.76,98.59,77.23,3141,1.85,46.3,11.9,14.85,32.19,539.92,11.7
Alagoa (MG),64.49,3.54,98.34,98.19,99.23,74.93,1296,2.08,46.67,10.56,15.38,29.19,413.75,17.57
Albertina (MG),74.53,2.33,99.75,99.66,100,73.76,1582,1.83,46.31,9.85,12.67,34.92,564.08,3.02
Além Paraíba (MG),63.73,6.82,99.07,98.4,99.48,76.43,16202,2.04,46.28,10.35,6.69,51.65,674.5,9.22
Alfenas (MG),68.37,6.56,98.1,99.86,99.97,75.45,37041,1.88,42.14,8.33,6.12,56.77,783.41,5.53
Alfredo Vasconcelos (MG),62.73,5.62,99.35,99.3,99.67,75.01,2693,1.74,44.61,7.52,10.66,39.25,400.14,16.92
Almenara (MG),63.44,10.72,85.83,95.63,96.72,73.18,17312,2.27,50.97,9.19,23.28,36.95,419.98,25.31
Alpercata (MG),56.39,10.3,95.46,84.03,99.45,74.43,2780,2.06,55.04,10.01,17.45,35.51,401.21,15.19
Alpinópolis (MG),66.19,4.53,97.39,99.8,99.9,76.71,8814,2.04,44.34,8.26,8.14,43.75,633.91,8.46
Alterosa (MG),65.32,3.61,99.97,100,99.76,75.83,6610,2.04,47.57,10.38,11,33.52,475.99,12.4
Alto Caparaó (MG),75.54,2.72,98.75,100,100,75.54,2854,1.77,46.69,7.61,11.99,32.28,505.1,11.78
Alto Jequitibá (MG),69.19,2.54,99.46,98.36,99.92,72.21,4137,1.66,49.01,9.68,11.22,36.55,486.73,19.31
Alto Rio Doce (MG),54.99,3.32,83.53,96.65,98.46,74.7,4871,1.52,49.03,11.55,15.78,26.39,323.95,29.5
Alvarenga (MG),46.73,6.24,96.16,99.35,98.23,72.85,1489,1.8,51.57,10.73,19.29,26.56,312.46,32.55
Alvinópolis (MG),60.81,6.28,97.95,96.11,99.51,74.34,6718,1.73,49.69,11.3,11.97,37.07,460.96,14.05
Alvorada de Minas (MG),54.67,11.9,60.47,79.73,85.09,72.65,1186,2.23,67.42,7.61,22.29,24.05,277.99,48.29
Amparo do Serra (MG),57.99,6.03,96.92,86.79,97.75,73.63,2057,2.05,53.54,11.87,18.03,31.4,368.72,21.97
Andradas (MG),74.06,2.12,99.05,99.92,99.81,77.69,20717,1.86,41.33,9.81,8.96,42.53,754.39,2.51
Andrelândia (MG),59.99,5.04,98.19,98.51,98.62,74.06,5486,1.88,44.78,10.65,11.52,41.22,534.68,14.75
Angelândia (MG),74.58,5.23,74.22,87.15,96.83,70.36,3552,2.42,64.67,6.19,28.17,28.74,322.8,34.97
Antônio Carlos (MG),59.77,9.63,96.99,97.98,99.54,75.3,4850,1.81,42.69,8.72,12.37,38.74,457.02,16.85
Antônio Dias (MG),53.51,7.83,85.16,91.61,97.75,75.93,3491,2.21,51.08,8.22,16.95,30.83,387.61,22.14
Antônio Prado de Minas (MG),58.08,3.04,99.5,100,99.9,74.79,746,1.42,48.14,14.6,11.63,37.5,529.54,12.08
Araçaí (MG),65.49,5.15,97.22,99.25,98.91,73.28,1040,1.86,48.44,9.32,11.07,45.2,482.4,11.04
Aracitaba (MG),48.02,9.89,99.61,99.6,99.63,74.37,747,1.78,44.93,12.34,13.46,32.11,351.6,23.13
Araçuaí (MG),59.83,7.41,79.01,95.44,98.54,74.27,14538,1.89,53.8,9.52,18.83,38.3,410.67,29.55
Araguari (MG),68.27,5.05,98.28,99.22,99.96,77.28,55974,1.46,41.52,8.9,5.05,58.49,798.63,4.22
Arantina (MG),50.79,4.95,99.57,99.19,98.84,75.05,1044,2.04,48.58,10.8,10.99,38.34,411.16,18.11
Araponga (MG),69.62,2.42,91.26,93.43,99.6,70.6,3869,1.74,48.95,7.24,23.99,16,328.75,24.49
Araporã (MG),64.05,4.51,99.53,99.59,99.94,73.78,2745,2.49,44.43,6.36,8.88,48.77,536.04,7.81
Arapuá (MG),66.21,2.3,98,99.21,99.74,77.27,1414,1.48,45.59,12.65,8.51,37.3,696.47,3.03
Araújos (MG),76.28,1.63,99.68,97.46,99.97,76.27,4328,2.37,45.6,7.89,8.58,40.2,599.3,1.36
Araxá (MG),70.31,5.12,99.29,99.49,99.96,76.49,49056,1.9,39.14,7.81,4.43,62.76,883.88,2.91
Arceburgo (MG),67.74,4.1,99.56,99.67,100,73.61,4708,2.12,44.8,9.7,11.41,40.65,576.68,2.94
Arcos (MG),66.01,5.63,97.32,99.82,100,77.43,18273,1.57,37.9,7.8,5.2,53.59,691.16,4.34
Areado (MG),67.08,3.96,96.42,99.28,99.89,75.84,6821,2.17,45.42,10.33,7.67,44.43,622.83,5.64
Argirita (MG),59.71,4.11,99.76,100,99.27,74,1296,1.84,50.7,14,11.11,33.83,442.45,10.15
Aricanduva (MG),65.9,6.73,75.86,87.7,98.27,72.22,2000,2.34,58.37,7.78,23.67,26.52,249.75,41.35
Arinos (MG),63.61,6.79,81.11,96.34,89.41,73.88,7292,2.73,57.83,8.04,16.29,42.15,349.52,35.37
Astolfo Dutra (MG),64.36,2.29,98.4,98.86,100,76.5,6290,1.67,42.94,10.31,7.38,41.51,572.06,6.34
Ataléia (MG),59.6,3.9,82.7,90.13,96.93,73.77,5844,2.38,57.96,10.97,27.67,26.03,317.64,32.26
Augusto de Lima (MG),66.1,8.33,92.76,93.62,99.26,73.9,2234,2.26,54.81,10.08,15.54,36.36,384.1,15.61
Baependi (MG),62.21,3.18,97.17,99.42,98.77,74.97,8396,1.56,44.85,10.12,10.7,40.83,497.21,15.28
Baldim (MG),61.6,8.26,97.03,94.1,99.14,72.21,3496,2.31,52.64,11.75,10.05,40.93,458.08,15.92
Bambuí (MG),67.1,2.75,95.94,99.96,99.82,77.2,11739,1.73,42.39,11.29,8.05,48.12,777.46,4.27
Bandeira do Sul (MG),74.54,3.67,100,99.5,99.83,73.14,2877,2.04,42.77,8.22,10.47,40.43,554.52,3.98
Bandeira (MG),53.83,4.91,78.8,88.92,96.57,73.64,1900,1.69,53.12,10.85,32.83,23.86,302,32.77
Barão de Cocais (MG),62.94,8.59,96.35,98.22,99.92,76.46,12708,1.67,42.53,6.4,4.97,54.42,546.85,10.31
Barão de Monte Alto (MG),46.22,6.71,99.27,96.52,99.61,74.64,1931,1.85,51.8,12.95,17.66,33.74,377.1,19.8
Barbacena (MG),60.85,9.71,96.19,98.63,99.86,77.88,57236,1.74,40.37,8.57,5.76,56.88,854.27,9.07
Barra Longa (MG),54.51,16.25,96.75,97.34,99.3,74.36,2495,1.82,52.32,14.34,16.94,28.32,362.62,25.4
Barroso (MG),61.28,9.18,99.29,99.25,100,76.84,8819,1.88,43.57,8.01,6.86,49.37,535.1,12.8
Bela Vista de Minas (MG),60.87,17.1,95.94,97.67,99.96,72.72,4273,1.68,49.25,8.7,7.32,45.39,440.23,11.52
Belmiro Braga (MG),63.08,6.67,98.32,99.54,99.85,74.81,1527,2.06,51.72,11.4,13.67,35.13,464.5,11.75
Belo Horizonte (MG),70.87,6.07,98.33,99.46,99.97,76.37,1288749,1.33,38.12,8.67,2.99,70.15,1497.29,3.8
Belo Oriente (MG),63.95,14,94.85,95.52,99.73,73.77,10188,1.98,49.09,6.91,12.47,46.51,470.05,11.45
Belo Vale (MG),56.08,4.69,95.76,94.1,99.42,73.86,3126,1.42,44.53,10.75,9.15,31.07,524.03,12.59
Berilo (MG),58.31,6.61,67.38,94.95,98.24,73.97,4752,1.91,51.16,7.43,22.43,32.17,295.62,30.18
Berizal (MG),61.14,10.78,82.77,82.89,99.31,70.41,1798,2,51.42,7.76,27.03,31.83,261.24,30.4
Bertópolis (MG),61.02,4.67,80.54,92.71,94.93,72.96,1778,3.13,63.98,9.96,31.05,28.42,288.77,38.66
Betim (MG),73.22,8.6,98.75,98.68,99.86,76.82,192091,1.79,41.69,4.55,5.7,58.65,660.56,7.04
Bias Fortes (MG),68.27,4.17,91.72,99.83,92.55,72.75,1918,2.18,48.16,11.18,15.89,26.72,344.35,20.88
Bicas (MG),55.47,5.26,99.84,98.98,99.84,75.99,5715,1.8,44.06,10.74,6.9,53.8,735,8.48
Biquinhas (MG),56.03,2.5,98.2,98.78,99.61,76.4,1132,1.76,45.63,13.8,11.71,33.93,565.37,6.97
Boa Esperança (MG),64.92,5,95.06,99.84,99.87,76.28,17925,2.01,47.23,9.01,8.22,43.58,599.17,8.43
Bocaina de Minas (MG),68.46,4.17,98.39,97.81,97.93,75.87,2549,1.86,43.59,10.07,18.79,28.39,501.73,8.99
Bocaiúva (MG),68.11,10.67,85.95,94.53,98.68,74.29,21717,1.94,48.13,6.8,13.43,49.46,451.54,20.13
Bom Despacho (MG),71.05,5.35,98.44,99.46,99.88,76.66,23551,2.15,42.87,8.29,6.2,52.22,809.9,2.96
Bom Jardim de Minas (MG),58.69,6.92,98.69,98.88,98.01,74.34,2809,1.84,48.49,11.54,12.45,39.61,464.99,15.48
Bom Jesus da Penha (MG),70,2.59,99.92,100,99.87,76.74,2008,1.78,44.02,9.57,11.87,42.47,607.73,5.13
Bom Jesus do Amparo (MG),66.42,4.42,93.46,98.85,99.14,75.01,2608,1.81,48.37,9.78,10.78,41.72,472.21,15.74
Bom Jesus do Galho (MG),51.16,8.55,98.22,90.7,98.98,73.01,5586,1.83,51.5,11.11,19.92,30.14,368,27.07
Bom Repouso (MG),69.35,2.29,99.26,100,99.91,74.25,5209,1.96,42.82,7.1,11.61,30.17,447.85,18.46
Bom Sucesso (MG),61.59,3.87,99,99.28,100,73.49,7788,1.85,46.44,10.5,13.13,43.56,551.39,9.78
Bonfim (MG),53.36,3.29,96.86,94.52,99.96,75.01,2822,1.35,46.47,13.74,13.28,25.69,512.94,14.37
Bonfinópolis de Minas (MG),59.4,4.35,92.16,99.72,94.99,72.73,2418,2.11,49.92,9.48,13.88,41.54,472.15,14.32
Bonito de Minas (MG),56.45,9.06,38.31,90.7,89.67,71.57,3365,2.47,66.15,7.86,29.85,24.81,195.65,56.14
Borda da Mata (MG),65.06,2.05,99.42,99.75,99.97,76.92,8500,2.01,43.39,11.07,8.66,44.76,635.37,6.2
Botelhos (MG),69.11,4.04,95.83,99.85,99.94,77.07,7600,2.12,46.12,10.38,9.71,37.29,630.12,6.41
Botumirim (MG),64.34,9.08,67.45,74.92,96.47,71.94,2573,3.22,57.85,6.45,18.73,33.49,230.25,39.74
Brasilândia de Minas (MG),69.26,6.31,91.72,98.46,97.94,75.87,6324,2.66,53.08,5.36,11.45,39.76,444.35,13.4
Brasília de Minas (MG),62.58,8.46,80.45,84.67,98.13,73.78,13284,2.07,52.1,9.01,16.7,39.24,360.93,31.11
Brasópolis (MG),64.58,6.23,99.16,99.73,99.28,75.45,6891,1.95,48.48,11.34,10.73,41.26,613.88,12.16
Brás Pires (MG),51.08,4.97,96.67,98.84,97.92,73.03,1669,2.05,53.49,11.86,14.73,27.73,299.02,34.92
Braúnas (MG),56.92,11.81,94.76,89.64,98.78,73.1,2029,1.83,58.58,14,19.8,25.57,416.84,24
Brumadinho (MG),69.55,6.09,97.92,98.74,99.06,76.39,17206,1.65,42.21,7.63,6.77,50.27,910.31,5.83
Bueno Brandão (MG),70.55,1.85,97.7,100,99.91,75.9,5829,1.99,43.67,10.54,10.96,26.96,491.08,11.87
Buenópolis (MG),63.56,8.32,85.84,99.37,98.63,72.74,4638,1.91,48.24,9.42,16.57,39.9,456.55,20.62
Bugre (MG),50.88,6.68,99.39,100,99.71,73.01,1410,2.27,55.45,11.35,20.09,27.35,338.39,23.44
Buritis (MG),69.3,7.05,92.64,98.1,95.44,73.88,10201,2.54,54.4,6.45,16.42,42.16,505.59,22.98
Buritizeiro (MG),68.41,11.1,87.27,88.78,97.02,71.06,11875,2.74,52.27,5.78,15.01,36.62,340.72,18.93
Cabeceira Grande (MG),67,8.31,97.44,98.31,99.02,72.25,2872,2.72,52.84,7.14,15.67,36.3,424.47,17.77
Cabo Verde (MG),71.64,2.46,91.12,99.62,99.84,75.82,7296,2.07,41.02,8.35,11.08,34.06,571.6,9.08
Cachoeira da Prata (MG),66.39,9.39,99.66,99.78,100,75.02,1852,1.35,44.66,11.69,4.06,55.34,583.28,3.19
Cachoeira de Minas (MG),64.57,5.2,97.23,100,99.76,74.25,5194,1.98,47.4,10.06,9.05,44.22,527.44,11.66
Cachoeira de Pajeú (MG),56.82,9.64,62.48,84.42,98.16,71.25,3391,2.54,58.82,9.52,29.68,25.49,265.27,40.59
Cachoeira Dourada (MG),68.01,3.61,98.71,100,100,76.02,1227,2.14,49.73,9.78,12.98,46.76,606.15,2.63
Caetanópolis (MG),65.38,8.62,84.29,93.2,99.08,75.71,4970,1.66,41.29,8.51,5.49,45.11,531.65,6.84
Caeté (MG),63.15,7.8,97.54,96.59,99.63,75.62,18622,1.85,44.85,8.81,5.41,53.79,586.16,9.92
Caiana (MG),68.75,4.32,99.19,96.93,99.89,74.98,2371,2.18,48.43,7.91,14.35,28.86,406.23,13.88
Cajuri (MG),55.69,1.2,99.26,96.47,99.87,73.26,1641,1.59,48.19,10.92,12.35,33.1,333.45,22.69
Caldas (MG),67.55,4.28,90.26,99.15,99.56,77.35,7000,1.94,44.49,11.57,8.56,33.27,627.21,7.58
Camacho (MG),60.93,3.29,99.54,98.53,99.94,75.38,1432,1.49,42.01,9.29,13.87,37.59,425.8,20.08
Camanducaia (MG),71.56,3.94,96.48,99.82,99.53,75.22,10758,2.44,43.4,7.82,11.55,35.61,649.49,7.9
Cambuí (MG),69.83,4.26,98.33,100,99.88,77.33,13971,1.56,42.3,10.14,7.67,49.21,712.9,4.57
Cambuquira (MG),68.34,5.91,99.39,98.34,99.57,76.34,6292,2.1,47.65,10.7,9.75,45.97,588.83,11.54
Campanário (MG),59.77,11.39,94.93,96.84,97.08,74.85,1403,2.68,56.52,9.34,19.29,33.68,350.46,21.86
Campanha (MG),70.14,4.54,97.23,99.2,99.51,75.93,7777,2.34,47.7,9.23,8.49,44.03,686.16,6.55
Campestre (MG),73.02,2.68,98.89,99.78,99.64,75.59,11210,2.06,44.54,9.38,9.13,35.39,669.87,7.91
Campina Verde (MG),62.19,4.65,97.87,99.43,98.7,77.06,9083,2.13,43.87,10.98,8.5,40.68,681.73,7.1
Campo Azul (MG),64.9,4.98,66.96,93.88,98.68,72.96,1558,3.08,62.08,10.5,23.67,31.23,244.97,38.16
Campo Belo (MG),65.72,5.25,98.76,99.67,100,77.1,25495,1.74,44.28,10.45,9.17,44.04,646.71,6.73
Campo do Meio (MG),67.53,5.93,98.08,99.88,99,74.61,5605,1.95,45.89,9.05,10.82,40.37,472.71,8.82
Campo Florido (MG),71.22,6.44,96.05,97.48,97.7,76.46,3388,2.32,47.74,6.62,9.24,39.7,774.88,7.87
Campos Altos (MG),72.46,3.44,99.29,99.77,99.4,76.62,7179,2.33,46.83,7.15,10.51,40.89,587.21,4.67
Campos Gerais (MG),70.96,2.48,98.95,99.73,99.92,74.27,13745,2.05,47.96,8.27,12.25,38.4,503.91,9.73
Canaã (MG),63.46,1.7,98.47,99.85,99.82,72.88,2193,1.74,44.9,10.91,15.54,29.44,439.71,24.03
Canápolis (MG),68.7,5.24,99.87,99.52,99.95,77.32,5766,2.4,41.18,8.1,15.54,37.67,711.27,4.83
Cana Verde (MG),61.36,4.09,99.17,99.4,99.93,74.25,2582,1.88,45.74,11.09,12.94,29.73,463.1,11.39
Candeias (MG),66.83,3.18,98.1,99.15,100,74.81,7534,1.67,42.53,11.26,14.74,32.41,621.22,7.86
Cantagalo (MG),60.21,9.55,79.73,83.07,99.33,73.94,1698,2.24,55.2,9.32,16.83,36.02,329.9,22.78
Caparaó (MG),67.18,1.52,99.83,98.93,99.52,75.16,2363,2.08,48.36,5.03,15.48,29.95,364.52,19.79
Capela Nova (MG),57.86,2.96,99.17,98.36,99.71,72.84,2070,1.6,48.18,12.43,11.41,33.56,338.43,24.64
Capelinha (MG),72.23,5.23,81.56,98.08,99.75,74.41,16042,2.35,53.85,5.8,20.69,36.44,432.55,23.17
Capetinga (MG),65.79,4.04,99.65,99.63,99.87,75.88,3370,1.92,48.87,9.97,12.01,36.04,549.97,6.67
Capim Branco (MG),64.07,6.22,97.49,98.24,100,75.19,4084,1.85,46.62,9.17,6.87,49.1,497.48,7.03
Capinópolis (MG),67.03,8.97,98.5,99.64,99.93,75.47,7440,2.56,45.99,9.44,13.31,44.44,834.14,7.19
Capitão Andrade (MG),57.29,6.26,91.83,94.58,99.74,73.28,1937,2.53,56.25,10.42,18.87,27.62,403.35,24.92
Capitão Enéas (MG),59.41,12.55,77.36,87.3,98.99,73.37,5321,2.3,56.45,6.3,19.99,40.56,282.97,33.63
Capitólio (MG),71.25,1.8,99.65,98.51,99.8,74.51,4380,1.98,41.26,8.95,7.54,44.01,658.77,3.88
Caputira (MG),63.97,5.89,93.7,99.42,99.63,73.53,3944,2.48,53.68,9.08,14.15,25.87,353.65,36.32
Caraí (MG),59.44,9.24,63.55,89.13,89.88,71.88,8330,2.71,65.39,8.9,29.16,23.56,244.29,44.85
Caranaíba (MG),54.22,5.12,93.53,99.01,99.77,73.44,1289,1.92,48.85,10.1,9.64,31.56,319.88,32.43
Carandaí (MG),63.13,10.11,96.61,99.24,99.85,74.27,10685,1.43,42.31,7.75,7.7,44.98,495.09,15.75
Carangola (MG),66.05,6.26,99.18,99.48,99.83,75.19,15720,1.96,46.12,10.32,10.75,43.57,618.24,10.84
Caratinga (MG),60.5,6.65,97.48,97.63,99.7,75.16,36799,1.87,47.02,8.65,10.16,45.07,610.29,14.04
Carbonita (MG),66.55,5.31,91.2,95.8,98.66,72.74,4111,2.23,51.53,8.46,20.67,35.78,373.05,21.33
Careaçu (MG),64.78,5.92,92.32,99.93,99.79,74.41,2902,2.16,48.92,9.3,13.82,40.75,504.96,5.73
Carlos Chagas (MG),53.06,8.88,94.56,97.99,98.61,74.55,7647,1.93,49.72,10.69,23.63,34.67,432.37,23.12
Carmésia (MG),60.33,3.51,96.08,97.04,94.71,73.28,1014,2.11,56.29,10.02,16.35,34.81,404.76,20
Carmo da Cachoeira (MG),71.98,3.56,98.95,99.9,99.74,73.03,5855,2.53,48.6,7.44,10.69,38.21,525.35,9.56
Carmo da Mata (MG),66.36,3.89,95.19,98.67,99.76,75.41,5302,1.84,47.15,10.52,8.86,37.48,551.21,4.64
Carmo de Minas (MG),65.01,4.64,96.05,98.69,99.87,75.71,6131,2.17,48.97,7.51,11.49,37.8,511.95,14.55
Carmo do Cajuru (MG),70.18,3.64,99.85,100,100,76.16,10132,1.77,44.42,7.85,6.76,42.14,606.19,5.21
Carmo do Paranaíba (MG),63.71,4.02,96.02,99.44,99.77,76.63,13976,1.89,43.38,9.24,9.23,38.27,678.13,6.65
Carmo do Rio Claro (MG),69.25,3.32,99.36,100,100,76.01,10376,2.2,43.47,9.06,9.39,46.87,685.17,8.02
Carmópolis de Minas (MG),70.82,1.36,99.59,99.38,99.97,75.99,8829,1.63,44.49,8.6,5.55,38.33,599.63,7.67
Carneirinho (MG),67.18,4.65,97.04,98.04,99.69,77.37,4718,2.06,43.04,8.92,12.31,43.09,847.07,4.3
Carrancas (MG),62.14,2.88,99.29,99.87,99.15,77.59,1761,2.32,49.32,10.56,8.59,44.51,576.62,14.88
Carvalhópolis (MG),67.41,2.8,100,100,99.75,75.98,1647,1.96,51.11,11.64,8.78,44.99,579.4,7.69
Carvalhos (MG),56.65,4.06,98.51,96.83,98.89,74.2,1973,1.61,42.29,11.3,16.12,28.62,506.24,19.9
Casa Grande (MG),51.34,4.89,98.77,97.27,99.92,74.39,841,1.43,46.38,10.34,6.22,36.69,351.47,17.97
Cascalho Rico (MG),69.93,1.71,96.51,99.14,100,75.72,1498,2.21,48.65,11.52,6.83,40.49,769.71,2.88
Cássia (MG),64.48,3.49,98.58,99.67,99.84,75.22,8172,2.25,46.44,9.96,11.32,39.33,717.84,4.91
Cataguases (MG),59.39,7.65,99.43,99.11,99.97,76.68,31373,1.62,42.24,10.23,5.96,54.58,699.57,8.03
Catas Altas da Noruega (MG),61.06,11.57,92.31,96.81,99.53,72.96,1483,1.57,48.14,8.98,14.68,26.91,309.82,31.51
Catas Altas (MG),63.9,7.02,96.27,99.42,100,74.65,2165,1.55,47.16,7.02,6.55,46.4,502.15,7.73
Catuji (MG),51.16,8.11,68.21,94.97,88.91,71.23,2120,2.63,61.83,7.57,27.14,24,221.41,50.15
Catuti (MG),61.93,6.67,65.06,97.56,99.22,71.38,2076,2.02,53.17,7.74,30.92,27.98,265.76,37.89
Caxambu (MG),66.16,9.71,99.82,98.23,99.82,75.85,10639,2.03,47.03,11.04,6.33,53.53,963.25,7.91
Cedro do Abaeté (MG),65.77,8.88,98.46,90.96,99.82,73.04,580,2.17,53.16,12.89,15.19,35.67,431.2,11.92
Central de Minas (MG),49.54,8.65,98.17,92.7,99.54,74.37,2424,2.24,50.92,11.68,21.39,32.54,494.1,19.16
Centralina (MG),58.39,5.06,85.34,98.65,99.61,76.19,4433,2.21,46.76,10.42,12.61,39.87,468.15,8.77
Chácara (MG),53.35,1.67,99.25,100,100,77.66,1083,1.91,48.59,11.78,12.42,36.59,456.42,14.64
Chalé (MG),65.52,4.28,94.26,98.05,98.8,72.21,2676,1.94,48.2,9.92,17.32,37.84,418.8,18.56
Chapada do Norte (MG),51.84,5.43,61.08,89.25,96.1,72.86,4960,1.84,55.82,6.02,27.53,25.99,279.92,34.05
Chapada Gaúcha (MG),69.88,6.12,63.83,89.44,95.67,74.22,4618,2.75,59.79,5.78,18.39,39.21,282.53,35.32
Chiador (MG),63.23,4.13,98.6,99.14,100,77.05,1287,2.51,50.62,11.02,11.9,40.86,808.78,7.74
Cipotânea (MG),59.56,4.21,95.52,97.04,94.74,69.97,2812,1.62,48.42,10.81,13.82,23.39,317.62,33.54
Claraval (MG),68.75,3.43,99.64,100,99.86,75.88,2199,2.42,47.56,8.15,8.55,39.31,575.11,7.04
Claro dos Poções (MG),67.23,5.85,86.21,94.89,96.84,72.96,3709,2.07,48.21,9.76,18.16,41.69,337.07,20.98
Cláudio (MG),73.51,3.92,99.07,99.49,99.85,75.75,13732,1.85,43.21,7.3,5.22,43.59,625.88,4.5
Coimbra (MG),58.82,3.32,99.32,99.61,99.73,74.49,3038,2.14,48.72,10.63,10.78,34.3,454.81,14.96
Coluna (MG),65.55,4.15,78.38,91.84,97.33,71.91,3909,2.18,57.02,9.1,22.53,26.46,315,34.48
Comendador Gomes (MG),75,0.99,94.75,100,98.02,76.01,1612,2.56,44.34,7.97,9.27,43.75,635.2,7.2
Comercinho (MG),61.03,4.49,72.56,92.17,93.61,72.83,3405,2.21,58.54,11.07,26.14,25.93,271.4,38.84
Conceição da Aparecida (MG),70.48,3.46,99.09,99.83,100,75.83,5005,1.89,47.16,9.35,9.49,35.08,579.34,11.07
Conceição da Barra de Minas (MG),60.41,5.23,97.58,97.89,99.18,73.91,1743,2.21,44.94,9.48,8.83,35.21,511.91,11.85
Conceição das Alagoas (MG),68.52,4.99,99.24,98.06,99.85,76.72,11145,2.29,43.2,5.59,9.17,44.2,770.02,4.76
Conceição das Pedras (MG),57.02,1.44,99.31,100,99.83,74.25,1170,1.43,43.33,10.44,10,34.03,434.68,16.93
Conceição de Ipanema (MG),64.85,3.52,89.67,97.59,99.24,74.51,2149,1.9,49.98,11.83,15.89,31.24,497.4,20.41
Conceição do Mato Dentro (MG),63.45,7.25,85.54,83.8,95.39,72.65,7517,2.47,58.11,9.92,19.44,33.24,384.42,25.13
Conceição do Pará (MG),65.79,5.06,99.79,98.31,99.4,75.97,2476,2,48.35,10.57,9.74,40.34,576.48,4.69
Conceição do Rio Verde (MG),68.87,5.58,99.42,98.87,99.79,75.01,6253,2.45,52.02,9.55,13.99,38.68,533.38,12.18
Conceição dos Ouros (MG),69.1,2.84,86.36,100,99.85,75.49,5082,2.35,45,7.54,7.28,43.15,509.52,8.36
Cônego Marinho (MG),66.32,14.33,66.93,70.92,96.67,72.96,3058,1.86,59.64,8.94,20.65,36.02,245.64,42.33
Confins (MG),75.05,6.27,99.35,98.3,99.9,74.79,3206,1.6,42.56,7.28,5.22,58.01,647.2,5.7
Congonhal (MG),67.28,2.84,97.65,99.6,99.84,75.81,5350,1.56,40.95,9.47,10.52,41.55,553.81,8.81
Congonhas do Norte (MG),37.16,6.67,75.11,70.25,93.26,69.74,1209,1.85,60.12,10.42,28.81,26.78,270.3,37.79
Congonhas (MG),65.82,8.99,96.41,98.88,99.81,77.59,23116,1.79,40.37,6.39,4.76,57.05,760.35,6.67
Conquista (MG),66.02,3.3,99.65,97.88,99.86,77.59,3148,2.29,44.09,9.15,11.06,48.12,678.21,5.23
Conselheiro Lafaiete (MG),64.51,7.55,99.29,98.07,99.9,76.62,55976,1.79,39.44,7.64,3.72,60.26,781.59,5.95
Conselheiro Pena (MG),55.53,7.01,98.64,93.54,99.45,75.24,8672,2.18,52.48,10.11,17.41,35.79,445.95,20.52
Consolação (MG),64.79,5.11,98.96,100,100,73.36,820,2.02,52.02,12.45,13.73,33.13,395.33,13.17
Contagem (MG),71.95,6.95,97.52,99.57,99.95,74.94,318908,1.77,37.8,5.97,3.74,62.3,824.3,4.81
Coqueiral (MG),66.81,4.83,99.78,99.72,100,75.26,4408,1.68,48.81,9.71,8.96,38.11,495.77,13.64
Coração de Jesus (MG),68.53,8.35,73.79,55.76,97.68,73.48,12099,2.48,52.28,8.34,19.62,36.65,287.28,35.73
Cordisburgo (MG),61.83,4.67,92.9,92.67,99.49,72.17,4005,1.83,44.28,10.95,11.52,38.22,440.09,15.81
Cordislândia (MG),63.54,3.08,99.54,100,99.71,73.39,1499,2.41,50.72,8.73,14.99,34.57,468.59,10.4
Corinto (MG),56.04,7.74,88.58,94.76,99.45,75.49,9523,2.09,50.54,9.89,10.75,43.05,499.56,18.29
Coroaci (MG),58.87,4.95,86.02,90.88,98.11,73.64,4163,1.69,55.54,11.58,16.74,32.25,362.9,29.36
Coromandel (MG),68.6,3.42,96.56,95.5,98.56,76.57,13992,2.26,41.9,8.68,8.59,41.09,753.35,3.75
Coronel Fabriciano (MG),64.1,9.98,97.67,98.36,99.84,76.88,48082,1.85,42.5,7.39,6.45,58.57,685.48,7.92
Coronel Murta (MG),65.33,10.34,82.15,84.89,98.17,72.05,4133,2.16,53.93,9.97,21.29,34.1,291.66,36.56
Coronel Pacheco (MG),61.09,5.69,99.65,98.94,99.63,72.36,1377,1.7,43,10.73,12.18,39.79,525.62,8.94
Coronel Xavier Chaves (MG),52.39,4.54,99.26,99.63,99.65,74.4,1280,1.35,44.21,9.57,6.38,37.94,518.32,16.3
Córrego Danta (MG),59.73,1.3,96.51,98.61,99.7,75.61,1535,1.98,48.53,12.92,9.65,39.83,561.81,7.99
Córrego do Bom Jesus (MG),59.88,2.79,99.02,100,100,75.4,1746,1.79,47.31,14.85,12.77,38.37,501.15,8.77
Córrego Fundo (MG),65.36,6.79,96.26,94.36,99.93,72.67,2826,1.7,41.08,8.57,10.02,38.03,477.36,4.37
Córrego Novo (MG),48.39,3,96.96,98.88,97.57,73.32,1062,2.28,50.77,9.82,23.01,30.03,327.06,21.98
Couto de Magalhães de Minas (MG),54.35,14.79,96.35,93.48,99.85,73.4,1546,1.91,51.82,8.99,12.52,42.74,333.91,26.08
Crisólita (MG),57.76,7.42,44.81,93.66,90.05,72.96,2244,3.01,62.03,9.53,38.27,25.17,294.11,35.67
Cristais (MG),72,3.07,99.09,99.51,99.66,76.54,5935,2.18,46.21,9.71,10.4,36.09,780.18,7.92
Cristália (MG),61.21,12.47,73.77,77.98,92.3,72.71,2030,3.06,64.85,4.97,21.74,34.85,200.51,46.63
Cristiano Otoni (MG),65.33,10.32,98.83,97.89,100,74.39,2285,1.8,46.57,7.63,6.49,41.86,458.68,15.04
Cristina (MG),63.89,4.69,99.7,100,99.54,75.53,4766,1.87,45.34,9.83,9.94,35.44,442.25,14.64
Crucilândia (MG),63.15,2.8,99.56,99.27,99.94,73.97,2239,1.66,47.05,11.18,14.61,29.48,464.17,14.22
Cruzeiro da Fortaleza (MG),70.32,5.9,99.72,99.67,99.92,74.94,1908,2.4,50.04,7.98,11.65,38.25,707.8,8.98
Cruzília (MG),67.32,7.14,99.04,99.47,100,76.17,7107,1.72,46.92,9.95,11.09,39.61,520.72,11.26
Cuparaque (MG),53.8,8.11,94.86,95.5,99.65,72.85,1744,2.44,50.58,8.44,23.1,31.73,381.64,20.18
Curral de Dentro (MG),54.24,11.73,81.92,87.65,98.4,70.51,2409,2.65,58.99,7.52,26.6,27.69,279.64,39.98
Curvelo (MG),65.96,9.9,92.4,96.73,99.53,76.05,35165,1.85,46.41,8.72,8.35,47.95,581.65,12.1
Datas (MG),64.41,7.51,96.7,94.93,98.83,70.36,2252,1.91,53.67,8.56,11.62,33.13,313.84,24.02
Delfim Moreira (MG),64.59,2.49,98.54,99.51,99.31,75.2,3662,1.79,46.07,8.63,9.82,37.74,454.36,16.69
Delfinópolis (MG),63.42,1.24,99.77,99.79,99.34,77.31,3093,2.25,46.72,8.92,11.01,49.56,632.28,3.6
Delta (MG),65.27,6.3,99.38,99.62,99.88,73.46,3634,2.34,43.4,4.2,13.92,32.32,523.34,5.63
Descoberto (MG),60.5,4.85,86.95,99.48,100,72.85,2145,1.7,46.35,11.18,9.02,36.71,477.97,13.08
Desterro de Entre Rios (MG),50.24,2.74,89.71,97.03,99.53,73.14,2643,1.43,47.53,12.65,15.22,28.48,348.88,22.07
Desterro do Melo (MG),71.57,4.99,92.35,99.45,99.56,73.53,1629,1.46,44.12,11.28,18.76,25.36,373.25,24.83
Diamantina (MG),67.12,7.74,91.78,88.14,99.07,75.33,21425,1.98,46.32,7.73,9.97,51.33,597.41,16.65
Diogo de Vasconcelos (MG),50.5,9.11,93.94,98.84,99.62,73.63,1337,1.89,58.75,13.25,18.87,22.69,291.48,33.72
Dionísio (MG),61.82,12.6,97.9,98.43,99.37,74.24,3994,1.6,46.82,11.12,12.43,40.03,461.02,13.98
Divinésia (MG),62.41,5.01,99.8,99.49,98.87,72.11,1453,2.29,49.14,9.75,9.91,35.1,441.49,11.13
Divino das Laranjeiras (MG),52.15,7.35,97.98,84.95,99.49,73.64,1825,2.26,54.47,11.75,19.82,35.94,388.4,19.09
Divinolândia de Minas (MG),64.63,9.12,85.48,83.58,99.29,73.72,3037,1.69,54.07,8.98,15.08,33.52,340.1,23.81
Divino (MG),62.08,2.62,98.78,97.78,99.71,74.36,8200,2,51.56,8.37,15.04,27.8,426.94,23.79
Divinópolis (MG),71.67,3.94,99.28,99.24,99.9,75.63,114536,1.72,38.2,7.56,3.99,59.31,868.57,2.67
Divisa Alegre (MG),66.42,11.65,79.93,97.6,98.65,68.39,2456,2.66,57.33,5.9,24.22,34.14,341.94,30.54
Divisa Nova (MG),66.4,2.97,99.45,99.15,99.65,73.03,2669,2.46,52.86,9.82,14.92,34.31,484.91,9.21
Divisópolis (MG),64.02,10.83,88.41,97.75,98.17,73.1,3932,2.46,49.74,8,27.89,31.11,290.45,32.95
Dom Bosco (MG),65.91,4.71,93.52,99.2,96.44,73.88,1717,2.71,48.35,7.68,17.04,36.42,394.72,18.86
Dom Cavati (MG),60.28,6.03,98.84,97.39,99.91,72.03,2277,1.94,54.57,12.9,13.33,39.32,485.9,13.21
Dom Joaquim (MG),57.61,4.23,78.62,87.1,81.23,74.12,1783,2.13,57.74,11.44,18.1,28.65,355.58,28.58
Dom Silvério (MG),63.57,6.18,99.06,98.81,100,75.8,2525,1.52,50.57,14.93,10.53,38.72,488.84,8.82
Dom Viçoso (MG),56.04,6.52,98.77,100,100,74.12,1246,1.97,45.48,10.89,10.79,36.35,371.63,19.91
Dona Eusébia (MG),69.27,2.24,99.14,99.25,99.94,75.45,3019,1.64,44.5,8.93,9.2,39.96,563.76,5.57
Dores de Campos (MG),66.21,2.71,97.42,97.95,99.77,74.4,4613,1.88,39.94,8.12,7.5,40.22,520.98,6.64
Dores de Guanhães (MG),55.29,4.26,85.4,95.8,98.32,74.26,1993,2.16,56.56,11.05,20.74,29.61,361.09,27.63
Dores do Indaiá (MG),64.67,4.39,98.05,99.66,99.78,75.4,6683,2.28,50.69,13.51,11.72,45.67,663.62,6.62
Dores do Turvo (MG),51.06,5.16,99.5,98.68,99.3,74.75,1617,1.66,50.34,11.27,16.25,27.82,363.3,28.52
Doresópolis (MG),64.05,4,97.24,99.53,99.87,77.11,668,2,42.72,8.19,6.97,44.82,461.8,11.8
Douradoquara (MG),77.15,6.47,87.33,100,100,75.84,1091,2.28,41.29,10.27,7.81,39.86,640.34,4.33
Durandé (MG),70.41,2.45,99.05,93.05,99.74,75.54,3471,2.32,52.89,7.11,19.45,30.1,392.68,18.62
Elói Mendes (MG),66.07,4.27,94.54,99.45,99.76,75.26,11935,1.9,46.41,8.3,12.07,42.4,577.5,10.46
Engenheiro Caldas (MG),56.23,7.44,96.69,97.55,99.91,73.91,3909,1.94,54.89,8.94,19.63,33.44,407.77,21.72
Engenheiro Navarro (MG),64.12,9.12,95.1,92.83,99.64,72.44,3119,1.97,49.94,7.69,18.97,40.37,332.37,22.65
Entre Folhas (MG),53.14,12.65,99.46,96.37,99.63,72.5,1958,1.65,52.07,10.98,15.36,30.81,373.1,23.07
Entre Rios de Minas (MG),57.09,5.8,94.1,98.61,99.29,73.14,6010,1.57,44.53,9.96,8.51,38.54,527.33,15.36
Ervália (MG),67.25,2.59,98.75,99.03,99.92,74.7,8690,1.81,46.35,8.84,16.09,28.72,429.35,17.66
Esmeraldas (MG),68.32,7.08,92.92,89.39,99.1,74.31,27350,2.25,49.99,6.37,9.28,40.82,452.62,14.04
Espera Feliz (MG),66.49,3.87,98.56,99.37,100,75.77,10704,1.88,46.88,7.86,14.82,34.69,496.04,17.27
Espinosa (MG),62.21,8.52,72.32,85.45,97.05,73.26,13377,1.8,50.2,8.74,25.32,35.82,299.13,29.03
Espírito Santo do Dourado (MG),72.46,0.78,98.01,99.83,99.89,75.81,2453,1.39,43.19,10.63,11.87,33.4,486.55,8.25
Estiva (MG),73.69,1.47,99.16,100,99.91,75.9,5945,1.78,42.89,9.68,9.72,34.27,547.01,4.87
Estrela Dalva (MG),63.44,5.61,99.15,99.67,99.61,77.04,1146,2.56,47.64,11.9,17.54,36.76,701.83,12.53
Estrela do Indaiá (MG),57.97,6.14,99.08,94.2,100,77.49,1509,2.29,49.17,12.46,14.35,32.11,547.21,8.82
Estrela do Sul (MG),70.05,5.56,97.25,94.9,99,75.4,3818,2.28,44.69,8.85,12.13,41.72,600.41,5.45
Eugenópolis (MG),61.42,4.87,99.87,99.54,99.95,75.77,4874,1.89,44.76,10.81,12.76,38.55,486.46,15.77
Ewbank da Câmara (MG),55.9,3.88,98.77,99.91,99.61,74.37,1476,1.57,45.75,7.49,11.14,40.71,391.34,8.51
Extrema (MG),73.39,3.95,95.64,99.41,99.96,75.95,15288,1.93,42.21,7.87,6.6,50.78,745.21,2.36
Fama (MG),68.71,1.93,100,99.88,99.78,76.77,1232,1.93,46.24,12.89,10.51,42.59,624.24,7.5
Faria Lemos (MG),65.17,5.88,97.77,100,99.51,73,1592,2.01,53.18,11.97,15.3,43.8,544.77,13
Felício dos Santos (MG),62.47,3.62,88.2,91.03,99.52,72.61,2080,1.97,62.26,10.56,19.11,27.79,274.2,37.83
Felisburgo (MG),58.27,9.62,60.84,91.81,96.31,69.66,2650,2.67,60.9,11.01,30.06,28.12,290.8,35.86
Felixlândia (MG),66.64,8.94,90.8,97.64,98.78,73.9,6680,2.08,47.32,8.77,10.96,35.08,459.52,12.69
Fernandes Tourinho (MG),56.24,4.9,95.87,91.35,99.28,73.43,1206,1.76,53.03,11.82,23.73,35.3,351.58,21.27
Ferros (MG),56.75,5.45,82.82,62.45,95.1,74.24,4341,2.01,56.69,12.78,23.1,22.66,392.08,27.17
Fervedouro (MG),55.19,6.45,97.91,97.52,99.02,72.73,3885,2.46,49.57,6.36,16.12,22.75,301.55,31.07
Florestal (MG),74.06,5.17,99.3,97.95,100,75.69,3518,1.63,44.71,9.7,6.93,48.41,741.46,6.58
Formiga (MG),65.37,3.27,98.37,99.18,99.94,77.43,32283,1.39,40.5,9.76,6.48,50.7,746.8,4.91
Formoso (MG),66.51,10.74,80.69,89.34,88.37,75.04,3552,2.66,51.45,6.32,21.35,38.17,370.41,30.59
Fortaleza de Minas (MG),62.23,2.01,99.17,100,99.77,73.31,1846,2.05,46.04,8.98,9.63,42.27,562.53,9.29
Fortuna de Minas (MG),72.26,7.12,96.63,99.12,100,75.7,1393,1.92,48.54,8.98,9.19,44.01,459.52,10.45
Francisco Badaró (MG),65.94,7.47,62.11,94.64,97.21,72.57,4833,1.62,47.73,10.3,24.06,29.9,286.56,33
Francisco Dumont (MG),69.47,6.08,83.84,84.18,98.48,72.8,2231,2.61,54.09,7.63,20.46,32.34,326.7,24.43
Franciscópolis (MG),59.01,4.94,64.47,95.5,94.91,73.14,2237,2.41,60.62,9.36,33.19,27.59,296.76,35.93
Francisco Sá (MG),59.98,7.64,74.09,82.64,97.72,73.48,10176,2.36,50.75,7.91,22.58,35.92,344.32,31.55
Frei Gaspar (MG),58.39,3.99,82.83,90.17,97.43,72.96,2279,2.9,61.42,10.29,31.04,27.93,275.62,30.53
Frei Inocêncio (MG),61.43,10.23,94.07,96.88,98.15,71.72,3659,2.09,55.21,8.81,19.13,39.46,389.61,21.44
Frei Lagonegro (MG),45.93,3.65,61.6,94.19,99.33,69.96,1016,2.46,57.4,8.71,24.3,21.56,201.83,50.13
Fronteira dos Vales (MG),49.6,8.25,83.5,84,95.25,73.8,1541,2.61,59.58,11.33,33.76,29.26,255.11,35
Fronteira (MG),68.19,6.54,98.15,98.99,99.84,77.28,6708,2.56,44.08,6.45,11.17,42.3,598.68,4.51
Fruta de Leite (MG),65.09,6.52,56.15,82.34,95.08,72.5,2377,2.3,69.09,9.01,37.41,20.62,241.93,38.78
Frutal (MG),66.66,4.19,96.36,99.24,99.84,76.92,26617,2.15,40.73,8.4,6.86,48.73,752.01,5.28
Funilândia (MG),53.94,7.25,91.6,98.19,99.77,75.66,1411,2.33,52.49,8.69,13.96,35.12,360.59,20.55
Galiléia (MG),54.26,7.89,97.93,82.27,99.19,72.71,2603,2.27,53.21,9.8,20.79,33.38,442.14,17.06
Gameleiras (MG),63.24,8.64,75.2,70.51,96.73,72.74,2209,1.95,48.06,7.57,27.77,36.64,258.85,43.87
Glaucilândia (MG),65.69,13.2,83.25,94.94,99.56,73.72,1360,1.96,52.92,9.79,14,41.76,293.97,28.58
Goiabeira (MG),50.4,6.84,98.13,91.18,99.78,72.91,1082,1.81,48.85,9.34,23.95,34.65,398.14,22.82
Goianá (MG),63.09,6.33,99.7,100,100,75.1,1728,2.13,49.1,12.19,11.15,47.27,558.09,11.13
Gonçalves (MG),66.86,2.1,98.33,100,99.46,74.96,2066,2.12,46.78,10.14,14.08,34.03,519.03,10.76
Gonzaga (MG),52.62,14.03,83.24,95.58,99.43,71.44,2049,1.69,57.18,8.29,21.28,28.16,258.04,39.93
Gouveia (MG),60.79,5.81,95.86,99.13,98.7,74.98,5041,1.47,45.59,8.78,9.11,42.05,382.78,20.51
Governador Valadares (MG),65.34,9.53,98,98.1,99.87,75.06,122810,2.05,46.07,8.12,8.06,54.91,678.74,9.97
Grão Mogol (MG),65.56,8.07,67.73,95.66,95.59,72.44,6387,2.3,53.81,6.75,20.67,30.55,293.87,32.35
Grupiara (MG),66.44,3.12,98.52,99.6,100,75.64,695,2.4,47.48,12.31,8.27,46.97,548.38,5.37
Guanhães (MG),67.57,7.92,91.89,96.74,98.84,74.22,14642,1.62,48.94,8.29,12.88,40.41,560.99,18.2
Guapé (MG),66.59,2.82,99.48,99.8,99.6,74.86,6721,1.84,44.39,8.58,9.1,37.15,487.68,7.41
Guaraciaba (MG),61.55,1.91,84.11,99.34,98.55,72.61,4712,1.57,48.55,12.07,18.89,28.28,373.48,23.01
Guaraciama (MG),65.2,4.15,91.68,97.54,98.35,73.4,2137,1.99,46.61,7.63,18.93,43.96,306.99,23.9
Guaranésia (MG),69.26,3.97,99.77,99.27,100,75.7,9485,1.89,43.58,9.01,11.95,42.84,598.17,5.77
Guarani (MG),63.82,4.64,97.69,99.38,99.37,75.96,4117,1.92,46.24,11.35,12.5,37.69,568.73,12.13
Guarará (MG),61.89,6.27,98.45,100,100,73.1,1758,2.23,47.54,10.18,9.19,36.44,457.9,11.42
Guarda-Mor (MG),69.25,5.06,94.61,99.9,98.49,74.76,3155,2.56,46.12,6.85,11.39,39.45,660.72,10.15
Guaxupé (MG),67.62,4.62,99.5,99.39,99.98,77.81,24944,1.55,41.45,9.09,6.33,52.35,746.7,4.21
Guidoval (MG),62.49,2.38,98.53,99,99.9,75.22,3312,1.98,46.55,11.35,11.71,35.81,512.85,6.56
Guimarânia (MG),63.62,5.43,97.82,99.69,100,74.51,3271,2.28,48.17,9.06,9.7,42.75,552.31,9.63
Guiricema (MG),57.16,2.82,99.23,98.51,100,73.74,3775,1.59,45.75,11.94,13.58,32.78,469.56,13.1
Gurinhatã (MG),64.8,3.6,95.37,98.94,97.46,76.88,2991,2.56,50.09,13.25,15.66,33.27,587.76,10.42
Heliodora (MG),59.57,1.32,99.88,99.83,99.93,74.29,2653,1.98,45.6,9.36,13.81,35.18,474,8.98
Iapu (MG),49.44,5.3,98.01,97.9,99.88,74.12,3593,2.16,50.65,10.07,17.59,30.6,427.85,19.37
Ibertioga (MG),56.61,4.68,98.04,96.22,99.94,75.01,2064,2.32,45.76,9.23,14.97,30.55,347.21,22.03
Ibiaí (MG),60.14,6.94,75.37,78.62,96.23,72.71,3080,2.83,54.04,7.17,20.28,31.18,269.24,36.3
Ibiá (MG),66.59,5.32,94.7,99.53,99.39,77.62,11268,2.16,42.5,7.8,6.83,41.06,781.68,6.28
Ibiracatu (MG),52.08,15.17,71.06,88.24,98.33,72.17,2046,2.11,60.04,9.28,28.18,27.29,225.72,44.38
Ibiraci (MG),70.77,1.84,97.5,99.89,99.51,76.28,6035,2.01,44.92,7.08,10.03,45.09,609.71,3.99
Ibirité (MG),68.96,7.58,98.51,98.21,99.84,75.41,74646,1.74,43.84,4.24,6.37,48.58,525.64,7.9
Ibitiúra de Minas (MG),69.91,1.74,96.95,99.68,100,73.14,1738,1.87,44.59,10.29,12.16,36.4,479.81,12.15
Ibituruna (MG),57.31,4.51,99.65,99.56,100,74.39,1137,2.18,52.69,9.73,11.41,39.42,426.36,11.53
Icaraí de Minas (MG),67.61,6.7,58.89,84.59,98.23,72.96,4682,2.23,53.6,6.63,16.9,38.44,277.4,37.63
Igarapé (MG),65.77,6.47,97.52,94.7,100,75.63,15808,2.21,46.56,6.44,7.82,45.76,570.58,10.82
Igaratinga (MG),68.81,2.37,99.55,98.78,99.72,75.54,4482,1.83,43.18,6.48,7.62,29.87,556.96,5.32
Iguatama (MG),62.15,5.14,99.58,98.35,99.86,74.51,3833,1.68,37.6,9.35,5.85,47.02,604.59,3.63
Ijaci (MG),62.68,5.3,99.24,96.23,99.95,75.37,2616,1.84,45.53,8.09,7.36,46.65,495.95,7.03
Ilicínea (MG),68.14,2.11,99.51,99.58,100,74.61,5511,1.97,47.85,8.48,10.14,37.68,500.79,6.93
Imbé de Minas (MG),57.42,3.9,93.51,96.42,99.51,69.66,2511,2.45,52.19,7.91,18.6,18.5,281.68,29.74
Inconfidentes (MG),67.4,2.47,97.66,99.91,99.91,75.59,3507,1.41,40.26,8.93,9.07,37.61,579.13,9.37
Indaiabira (MG),66.03,5.64,60.63,90.41,94.31,73.26,3189,1.93,55.89,9,35.35,24.96,286.93,34.04
Indianópolis (MG),64.81,2.03,91.33,98.13,99.95,75.06,2793,2.54,45.65,6.69,11.82,36.87,499.36,8.16
Ingaí (MG),66.23,3.69,99.32,98.57,100,76.45,1229,2.41,43.43,8.6,8.7,39.34,602.08,8.11
Inhapim (MG),59.87,6.08,97.85,80.08,98.41,74.72,10381,1.87,50.8,10.6,16.3,32.33,434.81,22.35
Inhaúma (MG),68.37,6.04,96.29,98.65,99.81,75.71,2796,1.75,45.56,7.78,9.14,47.92,477.55,10.65
Inimutaba (MG),66.37,7.77,94.49,97.6,99.34,73.61,3132,2.05,48.66,9.35,13.32,36.49,389.93,17.97
Ipaba (MG),62.69,13.68,97,98.68,98.43,74.72,6984,2.14,51.27,6.78,12.67,40.92,403.9,15.13
Ipanema (MG),60.89,6.71,98.57,98.57,99.19,75.87,8049,1.88,48.96,10.86,15.06,38.7,518.1,17.14
Ipatinga (MG),65.23,8.77,98.72,99.85,99.93,76.85,114199,1.61,38.81,6.26,5.3,62.54,862.91,5.92
Ipiaçu (MG),57.65,4.2,99.92,100,100,73.82,1763,2.51,46.1,10.96,16.92,40.08,550.98,6.43
Ipuiúna (MG),68.19,3.15,99.06,99.34,99.76,76.98,4827,2.15,40.14,8.26,12.65,31.59,719.24,7
Iraí de Minas (MG),70.11,2.42,97.13,99.41,100,75.84,3204,2.47,45.42,7.38,9.21,38.66,642.98,6.02
Itabira (MG),68.28,10.36,96.96,98.69,99.81,77.37,54886,1.85,41.18,7.4,6.69,57.56,744.61,7.46
Itabirinha (MG),54.36,7.84,95.99,96.72,99.47,75.3,4152,1.99,49.81,9.64,21.79,38.09,390.33,23.94
Itabirito (MG),67.74,7.05,99.38,99.21,99.94,74.68,22545,1.46,41.24,7.34,4.23,56.12,784.55,3.08
Itacambira (MG),57.34,5.44,69.12,89.06,96.27,72.44,1943,1.85,48.81,8,17.5,41.08,277.92,39.05
Itacarambi (MG),60.19,14.35,90.86,97.48,97.32,72.22,6651,2.35,61.38,7.08,19.43,41.1,321.22,31.15
Itaguara (MG),71.22,2.17,94.95,99.66,99.96,75.14,6532,1.69,44.31,10.11,8.57,37.36,610.65,7.29
Itaipé (MG),70.6,4.75,72.25,94.2,96.29,70.52,5162,2.71,63.36,7.01,27.2,26.48,277.8,35.21
Itajubá (MG),65.21,6.09,98.17,99.73,99.92,78.06,43980,1.58,41.53,8.69,4.14,64.53,948.2,4.98
Itamarandiba (MG),70.98,5.53,80.82,87,97.8,72.86,14683,2.17,54.95,6.87,20.55,38.61,374.21,27.56
Itamarati de Minas (MG),66.54,4.14,99.74,100,100,75.45,2111,1.33,39.55,10.91,7.94,39.57,540.7,4.13
Itambacuri (MG),61.07,9.59,79.16,91.63,97.39,72.05,9282,2.2,60.68,10.54,23.02,35.85,370.48,27.31
Itambé do Mato Dentro (MG),51.32,2.11,95.43,97.15,99.53,74.39,855,1.87,49.12,12.18,20.41,30.26,345.17,24.3
Itamogi (MG),65.79,2.43,99.94,99.66,99.92,73.61,5084,2.09,43.24,9.69,11.38,35.13,502.2,10.58
Itamonte (MG),67.67,4.28,99.28,99.44,98.96,76.17,6988,2.15,42.13,8.2,6.38,45.64,604.91,7.56
Itanhandu (MG),68.77,6.45,99.59,99.61,99.84,77.23,7204,1.71,42.01,8.68,4.88,50.3,706.47,6.52
Itanhomi (MG),52.34,6.17,98.05,95.65,99.54,74.85,4422,1.95,52.08,10.8,18.76,32.49,474.77,21.76
Itaobim (MG),60.53,9.2,80.26,98.09,98.63,72.19,8584,1.9,56.49,9.93,22.6,35.57,362.88,30.77
Itapagipe (MG),65.79,3.97,93.89,99.74,99.74,76.64,7022,1.5,37.2,9.23,6.84,44.45,741.95,5.28
Itapecerica (MG),58.49,3.23,97.2,99.43,99.73,75.73,9515,1.63,45.64,12.29,11.71,44.07,594.71,8.1
Itapeva (MG),60.6,5.34,98.66,99.17,99.59,77.69,3857,1.84,42.85,8.52,10.97,44.68,620.04,5.63
Itatiaiuçu (MG),64.11,5.98,98.83,99.52,99.43,75,4443,2.01,47.06,7.62,10.23,37.46,490.54,7.45
Itaú de Minas (MG),63.16,6.68,99.44,99.81,100,76.74,7002,1.94,41.82,8.87,5.24,55.63,913.39,4.09
Itaúna (MG),70.07,6.16,98.41,99.97,99.98,76.02,44675,1.74,39.19,7.7,4.42,54.78,847.74,2.75
Itaverava (MG),65.18,2.87,91.14,89.39,99.36,73.63,2622,2.03,50.55,9.36,16.82,28.46,363.06,25.72
Itinga (MG),56.65,12.82,61.91,94.39,96.65,72.83,5360,2.25,61.89,9.94,24.12,28.49,260,39.99
Itueta (MG),58.03,4.55,92.98,97.66,99.72,74.51,2432,2.03,49.18,10.93,16.41,25.01,429.77,22.64
Ituiutaba (MG),68.03,5.55,97.87,99.4,99.87,75.37,49666,2.27,43.7,10.47,8.94,51.25,824.46,4.16
Itumirim (MG),51.05,6.75,97.75,98.36,99.96,75.39,2301,1.53,44.79,9.95,6.29,48.27,533.39,11.97
Iturama (MG),69.42,4.85,93.79,99.41,99.82,75.88,17392,2.34,41.35,7,9.23,52.13,753.23,3.7
Itutinga (MG),60.11,6.29,98.29,98.63,99.94,77.67,1734,2.26,43.54,9.69,6.9,45.11,634.33,15.58
Jaboticatubas (MG),63.79,4.8,91.19,86.71,99.79,75.19,7806,2,50.66,10.52,11.53,37.29,602.48,15.21
Jacinto (MG),53.89,7.45,76.03,85.53,94.97,73.4,4544,2.57,56.02,11.17,29.39,29.09,325.42,28.53
Jacuí (MG),67.46,3.07,99.3,98.5,99.75,73.61,3708,1.75,47.5,10.34,11.32,32.04,558.14,8.24
Jacutinga (MG),76.55,1.67,99.39,99.77,99.48,76.82,12777,2.03,42.89,8.21,7.52,46.51,717.25,5.12
Jaguaraçu (MG),59.97,6.5,98.5,100,99.41,76.35,1312,1.87,44.31,8.43,10.95,38.99,508.65,9.79
Jaíba (MG),70.19,5.61,83.1,92.1,96.33,72.33,14878,2.45,53.15,4.55,20.02,36.46,376.73,20.28
Jampruca (MG),55.69,5.62,86.35,73.58,95.92,71.86,1881,2.11,59.44,10.07,24.76,29.61,344.6,28.48
Janaúba (MG),68.28,10.16,88.43,92.98,99.43,72.74,30680,2.05,48.38,6.43,15.42,47.52,468.29,18.98
Januária (MG),58.66,8.11,76.34,71.73,97.22,74.22,24731,2.27,56.81,8.28,18.95,44.49,359.19,34.35
Japaraíba (MG),69.15,3.84,99.82,99.27,100,75.62,1915,1.87,43.71,5.89,7.51,45.29,541.09,6.88
Japonvar (MG),68.33,4.78,74.16,88.47,97.35,72.17,3694,2.11,53.13,8.05,24.38,32.91,254.77,37.13
Jeceaba (MG),44.53,6.99,84.86,92.82,98.94,75.66,1775,1.47,44.02,10.03,8.53,32.95,401.99,23.27
Jenipapo de Minas (MG),62.49,6.16,68.6,90.69,98.95,72.59,2867,2.05,54.63,7.05,25.5,32.88,309.77,28.11
Jequeri (MG),54.86,5.71,96.24,90.04,97.97,72.61,5037,1.71,51.1,11.1,17.33,24.63,348.73,30.37
Jequitaí (MG),63.35,9.19,76.56,80.32,98.52,72.79,3488,2.39,50.39,8.94,21.65,36.34,345.53,27.69
Jequitibá (MG),68.29,4.51,83.37,85.15,99.09,76.26,2533,2.1,48.8,10.73,10.11,33.03,1007.03,17.65
Jequitinhonha (MG),64.11,6.21,74.68,91.16,91.27,73.99,10336,2.13,61.26,10.77,27.33,31.63,376.03,32.53
Jesuânia (MG),64.77,4.42,99.47,99.7,99.95,74.88,2282,1.82,44.35,9.82,11.64,29.3,533.26,10.43
Joaíma (MG),61.7,10.08,77.65,95.15,94.6,72.36,5925,2.7,63.52,9.75,31.13,27.47,281.18,39.5
Joanésia (MG),53.05,7.43,95.59,85.02,99.12,73.2,2099,1.57,54.73,13.38,20.62,25.81,369.24,26.46
João Monlevade (MG),63.14,9.58,99.33,99.19,100,75.93,34597,1.44,42.24,8.58,4.34,59.16,724.4,6.46
João Pinheiro (MG),67.35,6.54,93.88,98.55,97.92,72.25,20812,2.32,47.47,6.57,11.7,46.49,562.24,12.24
Joaquim Felício (MG),58.65,3.01,85.12,88.22,96.31,74.44,1760,2.48,49.48,9.27,16.69,31.03,433.58,20.21
Jordânia (MG),61.24,7.11,76.9,97.93,93.22,72.82,4274,2.74,56.09,10.23,26.62,32.99,362.77,27.06
José Gonçalves de Minas (MG),72.43,7.8,85.86,91.43,99.26,70.81,2100,2.06,52.22,4.94,21.27,35.11,328.27,21.85
Josenópolis (MG),67.89,13.2,66.5,85.47,83.32,71.94,1813,2.86,69.3,7.1,32.11,26.63,232.47,37.92
José Raydan (MG),66.58,8.84,84.42,95.82,98.51,72.94,1958,1.79,58.04,10.65,24.55,26.62,327.01,29.47
Juatuba (MG),65.85,8.53,93.35,93.27,99.91,75.94,10139,2.1,45.18,6.08,9.14,51.52,517.18,12.24
Juiz de Fora (MG),66.51,7.45,98.48,99.13,99.77,75.65,261632,1.56,39.54,9.25,3.4,64.97,1050.88,5.48
Juramento (MG),70.01,6.69,86.47,96.11,98.83,73.48,1987,1.82,49.89,8,17.4,45.53,335.93,20.77
Juruaia (MG),78.43,1.34,99.68,99.89,99.79,76.61,5224,2.01,43.22,7.52,6.89,35.17,1122.1,3.45
Juvenília (MG),45.43,9.78,65.18,63.18,92.14,71.57,1647,2.58,58.47,7.15,25.36,34.14,223.32,47.28
Ladainha (MG),54.45,5.09,63.78,90.53,94.27,70.26,5650,2.43,66.95,7.77,32.37,24.08,226.72,50.74
Lagamar (MG),59.63,4.95,97.59,96.64,99.15,75.31,3361,2.1,44.73,10.29,11.71,43.32,592.95,9.36
Lagoa da Prata (MG),71.46,5.29,99.23,99.6,99.92,74.89,23676,2.02,41.62,6.92,6.87,47.13,707.01,4.63
Lagoa dos Patos (MG),70.65,7.03,80.81,95.26,97.68,71.36,1971,2.64,52.97,7.76,17.42,36.03,321.11,24.57
Lagoa Dourada (MG),61.64,4.72,98.66,98.66,99.68,74.68,5283,1.62,46.62,7.89,6.27,30.99,522.62,18.33
Lagoa Formosa (MG),66.9,3.58,96.34,99.56,99.98,74.91,8564,1.87,44.56,10.28,11.65,35.98,693.25,5.61
Lagoa Grande (MG),66.91,6.34,94.03,98.47,99.1,73.72,4035,2.61,46.84,6.67,11.99,38.03,543.58,12.74
Lagoa Santa (MG),72.26,5.37,97.59,98.38,99.96,76.43,27497,1.79,42.7,7.07,4.94,62.45,1089.96,4.37
Lajinha (MG),62.35,3.02,99.43,95.43,99.64,73.6,8511,2.28,49.44,8.36,18.27,36.02,482.87,17.51
Lambari (MG),67.81,5.81,99.68,99.59,99.84,77.23,9627,1.89,47.09,10.13,7.96,44.34,597.16,10.21
Lamim (MG),61.51,4.45,95.33,93.69,99.23,74.7,1505,1.59,53.76,11.91,14.18,32.49,386.1,25.13
Laranjal (MG),58.13,1.99,99.71,99.47,99.68,76.42,2906,1.49,42.24,11.88,11.26,45.63,601.49,8.34
Lassance (MG),69.34,8.57,72.77,92.49,97.99,72.71,2958,2.86,54.86,7.62,16.16,33.07,364.3,22.5
Lavras (MG),67.15,5.41,98.21,99.28,99.95,77.8,46041,1.62,40.35,8.33,4.35,61.84,889.65,4.35
Leandro Ferreira (MG),66.46,2.71,78.31,98.67,99.52,77.49,1548,2.19,48.52,10.89,12.56,37.47,649.92,6.61
Leme do Prado (MG),60.43,4.87,92.14,95.73,99.33,71.73,1914,2.12,50.97,6.64,18.99,42.9,338.71,21.71
Leopoldina (MG),62.93,6.84,99.23,97.87,99.92,77.04,23876,1.82,45.4,10.54,7.41,50.56,609.5,10.91
Liberdade (MG),57.8,4.57,96.57,99.02,95.03,75.01,2308,1.66,47.35,11.49,15.87,32,546.79,17.73
Lima Duarte (MG),63.48,6.18,95.53,98.04,98.1,76.68,7581,1.89,46.25,10.58,11.7,40.03,645.22,14.08
Limeira do Oeste (MG),64.45,9.59,93.8,96.93,96.69,75.04,3232,2.34,41.92,7.85,13.57,45.61,595.92,10.96
Lontra (MG),61.15,6.14,72.58,86.52,99.44,72.61,3455,2.16,54.02,9.21,24.16,38.98,312.77,30.93
Luisburgo (MG),69.53,1.14,98.18,99.81,99.65,73.53,2973,2.14,51.53,7.65,16.07,24.4,355.95,32.91
Luislândia (MG),55.8,11.38,64.18,89.83,95.5,72.96,2228,2.48,59.24,7.52,21.44,27.58,273.73,45.13
Luminárias (MG),64.41,1.1,97.77,99.21,99.51,74.27,2490,2.1,46.74,8.93,9.95,36.55,474.29,9.89
Luz (MG),69.07,5.06,98.59,99.64,99.93,75,8930,1.93,43.16,9.4,8.6,46.14,720.88,5.62
Machacalis (MG),59.18,10.86,91.57,95.61,96.79,71.96,2827,2.56,58.08,11.25,25.28,35.59,350.63,25.28
Machado (MG),70.36,4.74,99.62,99.68,99.85,75.9,19428,2,45.15,7.65,8.59,44.91,701.58,7.62
Madre de Deus de Minas (MG),60.97,9.91,98.94,98.02,99.62,76.38,2184,1.64,43.35,9.05,7.29,45.78,508.21,16.79
Malacacheta (MG),60.34,6.81,76.31,86.2,96.51,71.05,7485,2.25,58.13,9.58,27.59,33.05,353.28,34.45
Mamonas (MG),53.45,4.93,90.76,86.53,99.76,71.73,2487,1.65,47.79,11.85,30.65,25.96,269.87,32.8
Manga (MG),59.43,11.24,78.55,97.74,96.34,72.96,7279,2.64,63.26,7.91,25.7,36.18,387.71,43.56
Manhuaçu (MG),70.34,4.1,98.03,96.45,99.81,75.35,38751,2.22,47.85,6.91,9.17,42.62,592.99,11.28
Manhumirim (MG),66.78,4.85,99.35,98.56,99.72,75.74,10002,2,50.29,8.87,13.65,41.42,547.24,13.53
Mantena (MG),59.2,7.51,95.62,97.32,98.75,73.16,11593,2.08,49.04,10.07,16.45,39.69,505.08,19.7
Maravilhas (MG),70.55,7.78,89.51,97.41,99.52,75.7,3523,1.89,43.03,6.41,8.49,38.13,442.51,9.44
Mar de Espanha (MG),67.72,1.99,98.92,98.03,100,74.51,5899,1.59,44.87,10.43,8.47,40.2,598.93,5.73
Maria da Fé (MG),64.45,6.81,98.07,98.61,99.78,75.53,6452,1.86,46.1,8.12,8.39,41.67,445.11,17.14
Mariana (MG),66.03,9.69,96.32,95.34,99.34,77.43,25300,1.65,41.75,6.03,6.97,59.47,641.84,11.72
Marilac (MG),50.62,7.28,97.77,79.22,99.69,71.86,1403,2.21,60.05,10.07,21.24,32.12,354.33,20.16
Mário Campos (MG),68.59,8.05,98.1,97.78,99.72,74.99,6141,2.12,46.46,5.57,8.81,43.84,551.93,11.14
Maripá de Minas (MG),57.36,1.23,100,100,100,75.84,1175,1.86,46.66,11.59,11.2,34.5,510.92,5.84
Marliéria (MG),57.47,10.12,95.47,98.01,97.81,75.29,1630,2.38,50.94,10.12,12.1,36.01,401.74,13.16
Marmelópolis (MG),53.29,3.89,99.48,99.52,99.07,73.36,1130,1.71,44.36,9.1,11.06,33.76,367.73,23.44
Martinho Campos (MG),65.51,6.69,97.99,94.82,99.95,75.61,5942,2.32,46.86,9.44,9.52,35.57,579.07,9.77
Martins Soares (MG),70.7,2.38,98.72,98.58,99.27,73.53,3473,2.19,49.28,7.42,16.85,31.48,376.88,17.53
Mata Verde (MG),58.63,6.85,92.25,98.19,98.7,69.92,3072,2.4,55.89,8.93,33.04,28.57,298.19,34.59
Materlândia (MG),48.27,9.69,69.1,80.55,95.32,71.16,1492,2.12,60.38,11.84,24.81,27.68,255.52,38.1
Mateus Leme (MG),63.05,6.69,94.9,91.01,99.62,75.36,12272,1.97,46.68,7.55,8.33,47.86,579.23,12.99
Mathias Lobato (MG),48.58,15.43,98.95,61.46,98.96,72.71,1035,2.63,56.6,7.21,22.66,30.8,326.18,34.68
Matias Barbosa (MG),63.71,6.69,99.72,97.53,99.77,76.73,6269,1.93,43.38,9.44,6.98,47.26,633.76,10.06
Matias Cardoso (MG),62.43,10.16,60.89,67.36,92.9,72.96,3765,3.13,62.29,5.87,24.92,33.47,303,39.94
Matipó (MG),64.48,5.39,97.03,94,99.67,71.8,7533,2.62,54.96,7.18,16.11,30.76,403.48,19.71
Mato Verde (MG),67.29,4.98,84.65,93.61,99.22,72.33,6095,1.71,45.28,9.27,23.05,36.87,343.76,23.96
Matozinhos (MG),71.63,9.35,98.09,99.68,100,76.82,17298,1.86,42.17,6.54,6.07,54.46,584.15,6.75
Matutina (MG),56.65,1.94,98.12,98.83,99.6,76.53,1607,2.06,48.01,13.13,12.39,33.44,820.03,4.53
Medeiros (MG),70.85,2.31,99.51,99.79,99.88,76.04,1751,2.09,44.89,7.72,6.4,34.3,715.52,4.78
Medina (MG),57.09,7.32,81.68,95.34,98.7,74.27,8057,2.25,58.21,10.27,24.35,31.85,388.82,29.94
Mendes Pimentel (MG),49.93,7.39,93.6,96.2,98.96,71.09,2279,2.08,49.78,10.6,26.08,30.56,372.96,23.99
Mercês (MG),56.35,4.15,97.41,99.47,99.54,74.85,4284,1.96,48.79,11.61,15,33.93,561.75,18.97
Mesquita (MG),59.59,8.41,97.3,84.9,98.33,72.76,2592,1.47,51.46,11.29,20.37,31.47,424.12,19.12
Minas Novas (MG),68.19,4.59,69.47,82.96,97.74,73.14,13413,2.35,54.31,5.93,25.52,34.9,334.06,28.49
Minduri (MG),64.46,13.67,99.49,95.22,99.39,73.32,1769,1.77,45.62,9.17,8.69,40.97,404.95,18.74
Mirabela (MG),62.7,7.76,84.26,78.49,98.47,72.61,5531,2.22,53.13,8.97,18.91,39.86,326.06,29.25
Miradouro (MG),59.73,5.63,96.26,99.27,99.91,74.64,4419,1.91,46.9,9.43,14.66,32.74,443.39,23.09
Miraí (MG),57.45,2.63,99.68,97.63,99.96,75.19,5772,1.93,45.59,9.83,12.03,37.96,493.91,9.96
Miravânia (MG),56.4,7.4,68.42,86.49,97.1,71.88,1611,2.4,63.11,8.95,28.17,29.66,235.64,41.15
Moeda (MG),59.14,3.93,97.28,94.68,100,73.01,2002,1.88,53.89,12.41,8.74,30.94,477.77,11.01
Moema (MG),72.38,3.4,99.33,99.19,99.79,75.87,3732,2.18,43.99,8.88,6.91,45.4,634.04,2.48
Monjolos (MG),61.2,8.84,89.29,78.08,98.5,74.16,994,2.13,52.75,9.83,17.29,37.57,360.58,23.8
Monsenhor Paulo (MG),71.95,3.24,99.95,98.9,100,75.32,4256,2.04,44.85,8.54,11.9,45.32,555.78,5.17
Montalvânia (MG),53.71,4.67,71,84.55,97.61,72.96,5617,1.88,58.04,9.42,23.8,33.41,305.88,38.23
Monte Alegre de Minas (MG),63.77,5.36,99.5,98.63,99.75,75.86,9251,2.44,45.28,10.27,12.04,36.13,619.1,6.63
Monte Azul (MG),60.55,7.13,80.6,94.79,99.44,73.63,9654,1.62,46.44,10.13,24.34,35.81,358.13,29.79
Monte Belo (MG),69.95,1.51,98.88,98.77,100,75.82,6764,2.08,43.8,10.11,11.38,34.2,539.84,11.62
Monte Carmelo (MG),69.24,4.61,98.2,98.64,99.83,77.1,23083,2.22,41.08,6.9,8.09,44.32,689.45,6.85
Monte Formoso (MG),52.37,6.64,64.83,98.53,95.94,70.92,1429,3.01,74.64,8.27,31.94,21.37,206.62,55.76
Monte Santo de Minas (MG),64.43,2.16,99.44,99.86,99.92,77.46,10077,1.78,46.48,11.1,13.43,40.41,584.09,3.68
Montes Claros (MG),69.85,9.5,95.22,98.6,99.66,77.07,179756,1.62,41.93,6.07,6.64,64.59,650.62,11.99
Monte Sião (MG),82.43,1.38,92.41,99.19,99.95,77.69,13068,1.69,39.4,7.65,7.6,40.76,760.69,3.74
Montezuma (MG),72.36,2.9,72.42,91.04,97.6,73.55,3475,2.35,56.94,7.38,24.67,26.75,308.78,28.77
Morada Nova de Minas (MG),69.95,2.78,98.13,94.97,98.7,74.79,4154,2.2,47.2,9.04,9.81,39.62,577.61,6.84
Morro da Garça (MG),54.63,6.62,95.17,83.76,100,73.97,1023,2.21,51.48,9.36,11.45,37.36,376.88,19.13
Morro do Pilar (MG),57.43,6.49,89.04,83.27,97.25,73.55,1386,2.12,51.54,11.39,25.39,25.93,382.62,21.5
Munhoz (MG),62.52,3.25,98.54,100,99.72,74.25,2789,1.89,44.14,7.37,11.15,32.69,412.79,20.98
Muriaé (MG),67.67,5.08,98.32,99.42,99.95,76.18,50832,1.6,42.13,8.99,8.03,47.74,758.46,7.03
Mutum (MG),62.81,3.35,96.46,89.41,98.96,74.3,11945,2.01,50.31,9.62,19.43,32.08,415.41,22.42
Muzambinho (MG),69.65,3.7,99.95,98.94,99.77,76.51,10609,1.84,43.55,10.15,6.53,51.02,719.94,5.16
Nacip Raydan (MG),53.4,3.96,91.36,86.75,96.92,74.85,1137,2.43,61.25,11.6,24.11,22.42,429.34,30.08
Nanuque (MG),65.48,11.02,93.66,95.24,99.5,76.02,19007,2.29,50.91,9.91,16.57,48.27,505.55,14.89
Naque (MG),61.2,11.7,97.7,92.14,99.67,74.32,2621,2.03,50.9,7.81,16.74,42.9,408.75,17.38
Natalândia (MG),67.34,4.57,91.74,96.88,99.53,75.78,1501,2.58,50.39,7.2,15.48,35.86,431.11,13.4
Natércia (MG),69.45,1.99,97.74,100,99.93,73.28,2507,2.09,44.7,12.17,10.17,40.77,541.69,8.16
Nazareno (MG),61.22,3.28,99.44,98.42,99.58,74.82,3466,2.06,47.51,8.85,9.49,43.09,491.13,14.17
Nepomuceno (MG),67.49,6.01,97.43,98.29,99.56,74.3,12528,1.88,46.02,9.03,11.97,36.77,480.79,12.71
Ninheira (MG),48.22,5.59,64.62,97.03,96.71,72.01,3159,2.02,54.49,8.88,37.61,22.39,210.17,47.71
Nova Belém (MG),58.9,3.8,87.08,91.57,99.29,71.06,1490,2.47,50.3,6.56,25.99,28.77,265.9,40.25
Nova Era (MG),61.81,12.42,96.8,99.33,99.8,74.48,7831,1.99,45.73,8.77,7.25,49.74,532.58,13.01
Nova Lima (MG),71.01,4.95,97.72,99.58,99.7,78.1,43438,1.84,37.79,7.01,3.01,65.96,1731.84,2.84
Nova Módica (MG),55.21,7.83,95.43,98.51,99.11,71.72,1441,2.86,57.65,11.48,26.1,31.55,355.66,28.74
Nova Ponte (MG),69.3,5.13,99.42,99.23,99.9,75.08,6191,2.56,43.52,5.62,9.44,42.05,771.68,5.74
Nova Porteirinha (MG),71.04,8.05,88.86,87.15,99.17,73.63,3536,2.17,48.67,6.3,20.08,35.57,302.09,24.2
Nova Resende (MG),72.65,1.11,99.11,98.29,99.72,75.33,8037,2.17,44.74,7.59,8.55,32.32,576.41,8.58
Nova Serrana (MG),83.91,2.04,98.75,99.77,99.69,76.82,43134,1.93,38.04,2.94,5.12,47.48,659.74,2.81
Nova União (MG),64.24,6.11,95.77,95.01,98.14,74.06,2520,1.92,47,9.04,13.39,33.72,387.68,16.73
Novo Cruzeiro (MG),60.44,5.3,56.23,79.74,94.44,72.83,11397,2.47,63.84,7.83,30.44,26.75,264.66,42.32
Novo Oriente de Minas (MG),58.28,11.01,68.95,90.87,82.34,70.26,3977,2.28,61.29,10.64,34.02,25.05,274.37,42.67
Novorizonte (MG),61.9,3.69,57.5,95.52,98.83,73.26,2074,2.63,61.66,10.96,23.52,27.09,299.95,26.98
Olaria (MG),52.41,2.23,81.91,97.72,99.42,74.37,781,1.67,45.29,11.34,18.6,26.01,423.44,11.54
Olhos-D'Água (MG),76.49,3.45,83.16,98.98,98.03,73.72,2595,2.33,53.47,5.56,19.72,31.42,348.9,25.92
Olímpio Noronha (MG),61.88,5.86,99.81,99.86,99.85,73.56,1147,1.78,47.44,10.11,15.21,38.15,475.23,9.9
Oliveira Fortes (MG),57.94,8.63,97.18,94.72,100,72.61,891,1.88,43.45,9.37,17.48,29.07,369.25,19.28
Oliveira (MG),67.14,4.84,99.25,99.45,100,75.51,19597,1.78,43.9,9.46,6.46,43.7,588.2,6.88
Onça de Pitangui (MG),69.6,3.33,95.94,98.45,99.73,73.33,1451,2.64,53.98,8.81,11.89,32.79,446.23,17.23
Oratórios (MG),59.56,6.2,99.59,98.25,99.84,74.42,1923,2.23,48.63,9.1,16.9,32.73,395.74,14.94
Orizânia (MG),43.31,7.09,98,95.98,99.96,71.67,2088,2.19,52.07,7.11,17.33,21.78,247.35,44.78
Ouro Branco (MG),68.59,7.95,98.72,99.12,99.95,77.31,17695,1.62,36.23,4.75,4.98,62.2,866.02,5.91
Ouro Fino (MG),69.75,3.34,97.95,100,99.64,76.66,16552,1.7,44.4,10.37,9.11,45.47,635.38,6.48
Ouro Preto (MG),68.68,7.84,98.16,98.8,99.67,75.03,34931,1.54,42.34,7.56,5.23,58.37,710.55,9.05
Ouro Verde de Minas (MG),47.81,9.34,82.07,94.71,99.36,72.35,1902,2.05,61.94,10.87,30.04,29.03,298.76,38.44
Padre Carvalho (MG),63.75,1.24,67.7,57.8,93.99,72.71,2286,2.56,61.47,5.86,29.02,30.64,286.32,31.27
Padre Paraíso (MG),50.07,10.25,76.54,91.34,97.65,72.83,6169,2.13,62.48,9.77,24.6,30.21,253.77,46.43
Paineiras (MG),64.67,2.82,95.92,91.06,98.4,74.41,2269,1.66,45.95,12.46,11.67,30.98,589.16,7.47
Pains (MG),67.58,3.5,99.16,98.86,100,77.43,4052,1.86,44.55,10.23,7.89,41.84,690.97,5.69
Pai Pedro (MG),50.29,6.44,44.29,97.23,96.43,70.62,1944,2.15,53.73,7.53,34.6,30.8,203.93,45.47
Paiva (MG),59.45,5.29,99.62,93.63,99.65,75.72,723,1.33,45.61,14.18,13.74,35.84,476.35,11.05
Palma (MG),51.62,5.32,99.66,97.51,99.95,75.45,2580,1.53,46.95,12.44,11.57,44.68,494.63,16.36
Palmópolis (MG),71.63,7.48,75.26,91.58,93.19,69.29,3370,2.46,56.81,10.76,32.41,24.15,259.75,35.57
Papagaios (MG),69,5.46,97.67,97.64,99.83,74.96,6571,2.22,47.79,5.71,9.94,42.72,455.96,16.28
Paracatu (MG),70.32,7.32,95.04,99.12,99.58,76.22,40403,2.33,45.95,5.5,8.14,55.61,637.8,9.34
Pará de Minas (MG),71.91,4.49,97.84,99.73,99.97,75.87,43961,1.56,40.99,7.23,4.13,50.46,686.42,3.74
Paraguaçu (MG),68.11,3.49,99.87,99.85,99.64,75.98,10216,1.82,44.85,10.16,7.7,47.37,587.36,6.84
Paraisópolis (MG),66.24,5.6,99.81,99.12,99.79,76.11,9381,2.15,44.74,9.41,8.78,51.62,592.61,9.52
Paraopeba (MG),72.21,8.72,94.69,98.2,99.47,72.55,11358,2.05,43.62,6.33,6.51,47.76,530.79,11.93
Passabém (MG),60.62,4.37,95.36,93.86,98.87,72.23,802,1.49,48.53,13.99,19.07,32.81,405.19,15.05
Passa Quatro (MG),65.31,5.34,95.98,98.99,99.82,76.59,7425,2.07,43.72,8.64,6.08,47.71,561.44,10.24
Passa Tempo (MG),58.61,3.83,98.98,96.21,99.65,73.46,3631,1.44,43.73,11.66,8.18,36.77,535.96,12.25
Passa-Vinte (MG),67.02,2.97,97.7,100,97.09,73.53,1017,1.77,47.45,11.3,14.31,32,493.38,11.88
Passos (MG),64.53,4.54,98.39,99.81,99.93,78.15,50610,1.6,42.2,8.41,5.84,52.48,802.97,4.42
Patis (MG),52.69,17.31,74.01,98.88,96.77,72.23,1899,2.65,55.4,7.85,25.44,31.54,244.72,38.04
Patos de Minas (MG),70.09,5.53,99.05,99.65,99.86,76.31,72277,1.6,39.45,7.98,5.69,57.58,843.57,4.55
Patrocínio do Muriaé (MG),61.9,5.27,99.15,98.34,99.78,72.78,2482,1.69,46.82,12.18,10.27,40.68,590.26,10.36
Patrocínio (MG),71.31,4.87,98.19,99.21,99.57,76.14,41736,2.08,43.69,7.11,6.92,48.46,720.59,5.59
Paula Cândido (MG),57.75,2.98,93.4,98.85,99.57,74.38,3831,2.16,49.41,10.07,10.65,32.15,407.91,22.66
Paulistas (MG),66.96,5.91,80.79,91.38,97.03,72.44,2155,2.16,67.39,12.16,21.86,32.22,321.22,35.66
Pavão (MG),55,9.56,85.15,87.47,98.75,73.77,3275,2.76,56.59,11.62,25.23,31.93,333.55,30.87
Peçanha (MG),64.88,4.66,75.44,82.82,90.67,72.23,7437,2.46,58.1,9.55,21.39,32.16,404.21,25.6
Pedra Azul (MG),53.14,9.98,80.29,93.14,98.66,72.79,8285,2.29,57.11,8.6,21.99,34.69,327.18,34.64
Pedra Bonita (MG),73.22,0.59,96.2,100,94.39,69.41,3188,2.38,54.9,6.04,15.84,25.87,256.67,40.94
Pedra do Anta (MG),58.73,4.12,99.83,97.21,99.79,74.26,1470,1.75,51.3,13.94,20.88,25.8,418.07,24.36
Pedra do Indaiá (MG),73.61,2.74,97.96,98.98,100,75.6,2166,1.88,43.68,11.05,11.52,41.14,578.46,5.16
Pedra Dourada (MG),64.15,7.12,99.49,99.71,99.66,74.64,968,2.48,50.38,8.12,14.02,33.08,406.3,24.78
Pedralva (MG),63.16,4.05,98.46,100,99.86,73.39,5129,1.97,48.06,9.26,9.48,36.54,541.01,17.94
Pedras de Maria da Cruz (MG),56.04,9.06,73.55,81.58,98.84,72.22,3678,2.36,56,7.16,25.48,31.75,268.27,33.61
Pedrinópolis (MG),65.74,4.15,78.3,99.2,99.63,76.29,1657,2.06,46.09,8.83,10.82,48.2,702.77,4.43
Pedro Leopoldo (MG),68.72,8.31,99.28,99,99.9,76.33,29631,1.75,41.23,7.51,5.61,58.32,721.11,5.53
Pedro Teixeira (MG),53.41,2.87,93.96,100,98.69,72.61,689,1.72,44.07,8.35,12.18,35.14,309.25,24.67
Pequeri (MG),63.72,2.13,100,99.63,98.46,77.05,1467,1.46,45.52,10.68,8.73,48.16,593.92,5.08
Pequi (MG),69,4.79,97.17,96.01,99.86,73.47,2033,2.19,48.92,11.11,8.92,40.61,522.22,9.54
Perdigão (MG),77.78,1.38,99.5,97.87,100,75.6,4957,1.9,44.68,7.2,7.21,48.08,668.59,1.18
Perdizes (MG),72.14,2.33,96.14,99.94,99.74,77.8,7226,2.56,44.6,5.66,8.73,41.29,861.29,4.85
Perdões (MG),62.85,5.91,98.67,99.5,100,77.69,9407,1.64,43.58,9.39,7.92,47.19,663.06,7.45
Periquito (MG),52.47,10.54,95.09,75.98,98.51,75.34,2413,2.12,61.12,9.34,19.24,36.7,320.07,23.57
Pescador (MG),50.11,10.19,94.3,96.91,98.63,74.85,1395,2.32,61,11.12,21.31,34.52,367.74,30.26
Piau (MG),61.52,3.43,97.96,99.43,100,74.42,1320,1.85,45.84,13.02,14.62,28.95,449.68,13.26
Piedade de Caratinga (MG),65.51,6.48,99.5,99.7,99.96,71.37,3070,2.55,53.07,7.22,19.12,24.3,381.36,21.55
Piedade de Ponte Nova (MG),58.73,8.54,99.66,98.43,99.93,73.14,1659,2.56,51.68,9.75,17.18,29.45,368.71,13.59
Piedade do Rio Grande (MG),59.14,3.17,95.27,93.95,99.73,74.22,2104,1.85,47.94,12.87,14.73,30.93,428.95,19.21
Piedade dos Gerais (MG),62.93,3.41,85.22,99.01,99.47,75.42,2172,1.67,47.91,10.97,15.67,24.83,443.35,18.59
Pimenta (MG),71.07,3.43,98.89,99.18,100,74.93,4341,1.56,40.31,8.21,9.18,34.6,613.61,5.71
Pingo-D'Água (MG),56.96,8.9,98.88,98.49,98.45,69.63,1723,2.21,51.73,7.53,18.59,30.44,340.91,24.37
Pintópolis (MG),57.29,6.06,62.38,80.57,95.99,72.96,2534,2.81,64.67,8.1,19.52,29.84,260.14,41.84
Piracema (MG),57.19,2.59,95.87,99.44,99.34,73.54,2698,1.43,46.72,11.66,12.7,30.54,444.75,12.87
Pirajuba (MG),65.62,3.89,99.34,100,99.56,76.46,2187,2.56,43.35,6.74,9.55,47.18,838.37,6.13
Piranga (MG),51.27,4.76,95.01,98.22,98.55,72.96,6061,1.72,53.72,9.94,12.63,26.55,305.73,37.75
Piranguçu (MG),64.07,3.8,97.76,100,99.17,73.36,2443,1.55,45.89,9.81,11.53,39.27,504.1,9.33
Piranguinho (MG),66.39,5.43,98.58,99.48,100,75.45,3771,1.82,47.43,9.31,8.14,48.31,523.5,13.14
Pirapetinga (MG),61.22,6.04,98.9,99.26,99.96,75.45,4696,2.22,42.44,8.83,9.13,51.25,550.3,8.22
Pirapora (MG),68.88,10.59,97.57,98.23,99.61,74.65,25393,2.42,45.97,6.33,7.51,59.08,596.44,13.06
Piraúba (MG),64.34,2.74,99.69,98.4,99.22,75.56,5272,1.68,44.9,10.99,10.18,37.6,527.81,3.56
Pitangui (MG),68.24,4.99,88.84,99.36,100,77.22,12293,2.05,46.27,8.12,6.56,49.84,669,7.07
Piumhi (MG),70.26,3.47,99.15,99.78,99.92,77.7,16769,1.72,41.99,9.46,7.49,44.25,747.2,3.84
Planura (MG),69.2,5.38,99,98.97,98.61,76.1,5155,2.29,42.09,6.23,8.9,45.4,669.6,5.32
Poço Fundo (MG),70.45,2.47,99.4,99.23,99.55,76.95,8517,2.02,42.48,9.84,7.32,32.13,644.47,6.26
Poços de Caldas (MG),71.23,5.67,98.57,99.89,99.92,77.31,82127,1.69,40.54,9.03,3.88,61.25,953.96,2.93
Pocrane (MG),54.28,2.77,94.72,97.44,99.49,72.91,3624,2.21,50.97,13.22,19.98,30.17,365.67,25.52
Pompéu (MG),69.34,5.72,91.9,99,98.73,75.05,13970,2.33,47.42,7.28,10.34,44.04,598.83,10.03
Ponte Nova (MG),66.64,8.3,98.16,98.72,99.59,75.9,28268,1.76,42.15,8.86,7.46,49.73,679.67,10.47
Ponto Chique (MG),74.5,11.8,62.77,86.17,97.65,72.81,1921,2.31,54.86,7.19,17.43,35.38,269.28,33.26
Ponto dos Volantes (MG),62.93,9.53,62.01,92.87,96.44,71.88,4455,2.68,69.63,9.63,30.31,28.47,267.46,40.44
Porteirinha (MG),62.25,7.74,69.43,89.05,98.49,72.74,16491,1.83,46.12,8.32,22.95,36.52,320.48,32
Porto Firme (MG),59.21,5.6,93.19,100,99.25,73.26,4603,1.64,45.08,10.5,14.31,32.67,366.49,23.3
Poté (MG),60.09,7.12,77.51,85.66,97.99,73.52,6268,2.63,61.08,10.94,27.75,30.57,303.44,31.29
Pouso Alegre (MG),71.71,5.49,99,99.73,99.92,77.33,69299,1.81,39.65,7.29,4.21,61.9,878.26,4.1
Pouso Alto (MG),60.87,2.96,97.91,96.46,99.39,75.81,2847,2.13,43.79,11.4,9.03,36.53,778.57,10.41
Prados (MG),59.6,4.49,98.53,94.1,99.42,76.89,3662,1.73,44.62,8.72,7.24,36.6,485.2,13.4
Prata (MG),70.13,3.68,97.05,96.86,99.36,76.12,13164,2.4,43.07,7.72,10.2,39.96,782.28,3.06
Pratápolis (MG),59.9,4.97,99.62,99.08,99.73,76.74,4003,2,47.47,12.97,9.28,43.93,636.81,5.86
Pratinha (MG),63.02,3.84,88.14,99.54,99.73,77.24,1582,2.14,44.73,11.58,11.98,44.2,663.39,9.37
Presidente Bernardes (MG),57.89,2.03,95,99.42,98.16,73.23,2224,2.09,58.02,12.3,14.69,30.69,341.87,28.15
Presidente Juscelino (MG),61.91,4.98,88.42,98.31,97.81,72.74,1663,1.77,52.78,10.49,21.34,27.48,340.94,22.25
Presidente Kubitschek (MG),49.63,8.38,84.57,99.74,98.55,72.22,964,2.3,58.83,8.82,14.49,29.64,282.93,29.85
Presidente Olegário (MG),67.28,4.85,94.51,91.51,98.86,74.88,9050,2.16,45.51,8.94,11.54,39.67,546.68,9.8
Prudente de Morais (MG),66.65,10.32,98.08,99.53,100,72.7,4489,2.08,44.24,6.76,7.03,49.83,481.48,12.74
Quartel Geral (MG),57.83,3.98,97.22,91.97,99.6,75.74,1333,2.28,51.79,9.93,12.89,39.08,539.78,8.26
Queluzito (MG),50.36,1.06,99.42,99.81,100,74.39,728,1.39,44.04,12.84,7.27,36.46,513.72,8.58
Raposos (MG),61.27,6.97,82.93,99,100,74.9,6798,1.45,39.71,6.41,5.32,55.56,646.62,7.46
Raul Soares (MG),59.83,3.84,97.92,95.51,99.41,74.36,10536,1.87,50.95,12.21,14.74,34.59,480.45,20.58
Recreio (MG),51.7,6.74,99.6,98.14,100,75.45,4025,1.72,49.87,13.72,11.96,44.63,510.95,12.49
Reduto (MG),69.52,6.56,99.24,98.78,99.52,73.08,3072,2.57,52.24,7.66,14.29,28.62,449.53,20.49
Resende Costa (MG),70.43,1.14,99.01,97.32,98.98,74.4,5711,1.33,45.25,10.43,6.28,36.23,580.66,9.27
Resplendor (MG),53.51,6.99,97.35,96.15,98.46,74.99,6517,1.88,52.06,11.48,15.73,37.71,504.18,17.92
Ressaquinha (MG),61.82,5.79,97.29,87.63,99.39,75.01,2138,1.43,44.86,9.17,11.5,37.16,424.03,15.2
Riachinho (MG),58.89,4.38,79.61,88.63,90.43,72.71,3022,2.87,54.61,7.24,15.41,37.04,290.89,33.66
Riacho dos Machados (MG),63.79,10.38,70.71,80.35,95.96,73.45,3852,2.21,53.57,6.93,24.28,36.57,255.57,36.99
Ribeirão das Neves (MG),70.9,7.27,94.16,97.03,99.83,74.31,143441,1.84,43.54,4.46,6.72,46.23,479.77,9.25
Ribeirão Vermelho (MG),61.68,9.84,99.72,99.59,99.92,76.01,1812,1.75,45.2,11.94,5.43,54.99,617.88,6.17
Rio Acima (MG),69.6,6.23,98.42,98.5,100,77.22,4595,1.82,41.94,6.89,7.56,41.15,582.71,8.3
Rio Casca (MG),60.28,11.16,98.36,95.08,98.1,73.79,6084,1.96,50.04,10.12,11.96,35.15,460.2,15.55
Rio Doce (MG),59.97,11.11,96.8,100,99.82,73.07,1104,1.49,49.12,12.45,15.35,35.9,439.86,13.07
Rio do Prado (MG),56.66,14.32,68.13,99.63,97.24,73.4,2020,2.25,55.55,10.58,26.42,31.25,283.37,35.59
Rio Espera (MG),54.52,8.12,89.68,93.73,98.59,73.03,2380,1.6,53.79,12.41,14.37,24.32,286.36,37.16
Rio Manso (MG),69.83,2.52,96.96,97.8,99.95,73.11,2781,1.63,44.59,10.41,12.19,27.08,536.99,7.55
Rio Novo (MG),60.96,7.69,98.88,95.94,98.91,75.07,3950,1.72,46.2,10.87,10.48,48.86,519.69,11.98
Rio Paranaíba (MG),70.19,2.56,97.73,99.05,99.45,76.28,6093,2.18,41.88,7.62,9.3,35,727.2,6.3
Rio Pardo de Minas (MG),65.98,4.59,64.93,94.91,92.97,72.85,12417,2.18,54.98,6.65,25.67,31.77,306.96,35.87
Rio Piracicaba (MG),61.93,9.31,99.24,98.12,99.82,72.63,6396,1.92,44.87,9.6,9.14,40.8,516.18,12.24
Rio Pomba (MG),62.19,4.6,99.78,99.85,99.85,76.77,7965,1.43,45.18,11.29,9.64,46.61,601.31,10.38
Rio Preto (MG),57.26,6.75,97.37,98.91,96.52,75.84,2237,1.39,47.86,11.3,12.95,43.91,501.52,17.99
Rio Vermelho (MG),58.68,4.58,70.33,82.11,91.24,72.23,5042,2.02,64.28,9.54,29.65,26.46,271.44,44.86
Ritápolis (MG),52.36,5.18,99.24,97.49,99.61,73.91,1937,1.75,42.88,11.03,10.15,31.24,453.87,11.96
Rochedo de Minas (MG),72.26,3.02,100,97.41,99.58,75.92,1091,1.97,49.22,9.55,10.02,40.18,494.36,6.51
Rodeiro (MG),70.37,1.51,99.33,99.75,99.96,72.84,3520,1.7,42.35,7.51,8.65,38.61,635.26,3.33
Romaria (MG),65.73,3.27,99.76,99.13,100,73.78,1724,2.26,43.21,8.01,8.7,44.16,716.47,2.5
Rosário da Limeira (MG),62.07,2.77,99.45,100,100,73.69,1890,1.86,43.43,8.99,14.89,33.49,465.89,15.1
Rubelita (MG),51.87,8.25,55.32,91.72,94.15,73.46,2672,1.92,59.56,10.11,26.43,24.19,248.99,41.65
Rubim (MG),59.86,11.05,82.8,92.84,96.63,73.99,4184,2.18,55.89,12.16,28.77,25.92,311.79,33.72
Sabará (MG),69.03,7.25,96.71,96.05,99.91,74.99,61631,1.88,43.46,6.39,5.27,56.05,619.93,7.08
Sabinópolis (MG),68.55,6.01,76.01,92.67,93.45,73.71,7295,2.12,57.17,10.55,19.14,33.99,420.36,24.5
Sacramento (MG),75.62,4.73,99.46,99.87,99.21,77.25,13409,2.21,43.42,8.88,6.79,46.46,732.35,3.73
Salinas (MG),64.93,5.13,88.9,95.69,98.25,73.9,18012,1.71,49.44,9.75,18.62,36.39,613.65,23.1
Salto da Divisa (MG),55.36,17.12,88.44,90.16,95.58,75.74,2542,2.43,58.52,9.61,27.98,28.13,306.04,33.32
Santa Bárbara do Leste (MG),65.38,5.8,98.13,98.34,99.92,73.01,3518,2.19,48.27,8.16,14.42,27.63,351.59,24.16
Santa Bárbara do Monte Verde (MG),45.83,4.44,98.16,98.29,98.96,74.37,918,2.23,48.38,9.61,15.99,26.22,371.34,21.63
Santa Bárbara do Tugúrio (MG),57.13,4.28,96.42,97.44,99.6,73.57,1900,1.74,44.3,9.56,15.42,30.14,370.7,18.84
Santa Bárbara (MG),67.39,11.2,97.41,97.27,99.97,73.97,13288,1.56,43.12,6.72,6.2,54.18,535.84,12.67
Santa Cruz de Minas (MG),64.39,7.02,99.36,100,99.92,75.35,3647,1.89,41.03,6.4,5.53,46.19,485.28,8.45
Santa Cruz de Salinas (MG),69.48,8.19,47.72,98.65,90.4,70.41,2022,2.23,63.28,11.21,29.12,24.22,242.55,42.8
Santa Cruz do Escalvado (MG),56.91,8,95.84,94.51,99.86,73.91,2068,1.88,54.74,13.26,16.69,28.65,374.23,23.35
Santa Efigênia de Minas (MG),53.01,10.05,79.75,81.4,99.88,72.57,1587,2.09,57.37,9,21.87,27.81,293.27,31.64
Santa Fé de Minas (MG),70.63,7.5,64,43.98,89.95,73.26,1777,2.6,58.28,7.81,20.41,38.41,313.25,32.46
Santa Helena de Minas (MG),51.69,5.71,68.06,96.39,96.65,68.37,1922,3.13,67.91,8.89,34.03,31.52,218.43,47.38
Santa Juliana (MG),68.81,3.09,98.77,99.29,99.41,77.06,5628,2.29,41.2,6.18,7.58,44.28,735,2.98
Santa Luzia (MG),69.12,6.9,95.81,97.18,99.86,76.52,97928,1.89,43.32,5.41,5.08,53,557.62,7.99
Santa Margarida (MG),58.22,5.81,94.76,98.98,99.97,72.07,5901,2.33,51.95,7.33,12.78,25.96,416.11,34.42
Santa Maria de Itabira (MG),59.6,7.99,88.6,95.11,98.73,74.24,4307,1.68,53.33,9.68,15.1,31.53,382.99,18.58
Santa Maria do Salto (MG),64.14,7.92,83.37,95.03,95.09,70.92,2392,2.48,53.47,10.94,30.48,28.8,321.15,25.42
Santa Maria do Suaçuí (MG),60.67,8.38,82.32,75.61,98.07,74.03,5770,1.9,58.03,9.54,26.25,32.54,401.16,28.32
Santana da Vargem (MG),74.17,3.83,99.22,97.29,100,75.98,3827,1.95,44.68,7.45,9.58,41.63,553.7,6.47
Santana de Cataguases (MG),57.25,6.84,98.79,100,99.78,72.58,1570,1.5,47.72,12.95,11.87,42.78,437.81,14.07
Santana de Pirapama (MG),58.59,1.43,85.03,97,99.49,73.93,3366,1.46,53.25,11.95,18.83,26.49,373.14,17.5
Santana do Deserto (MG),56.22,6.94,98.93,98.94,99.44,75.93,1571,1.78,47.61,9.87,10.2,42.3,484.73,13.39
Santana do Garambéu (MG),58.86,7.02,97.85,95.2,99.59,74.32,970,1.77,46.2,9.71,17.84,33.97,452.48,21.99
Santana do Jacaré (MG),62.88,4.11,99.87,99.86,99.87,72.37,2121,2,49.29,11.81,16.23,34.19,470.2,9.3
Santana do Manhuaçu (MG),67.03,3.93,98.37,98.13,99.34,73.53,3860,2.14,53.5,8.44,18.91,28.16,383.28,25.93
Santana do Paraíso (MG),67.3,10.39,96.16,97.41,99.57,77.66,12535,1.92,46.95,5.65,9.97,45.7,495.81,10.46
Santana do Riacho (MG),57,1.99,98.18,95.26,99.65,75.02,1646,1.51,46.88,9.47,16.36,36.8,432.77,19.28
Santana dos Montes (MG),64.77,3.46,95.98,90.44,99.61,73.04,1766,1.8,52.03,10.52,11.8,31.69,352.48,20.12
Santa Rita de Caldas (MG),70.51,2.71,99.94,98.13,99.9,74.36,4944,1.72,43.06,11.54,8.78,37.09,597.4,5.91
Santa Rita de Ibitipoca (MG),54.44,3.68,94.78,96.56,97.44,72.6,1386,2.42,49.6,9.82,18.56,28.6,391.79,25.37
Santa Rita de Jacutinga (MG),65.42,5.66,96.96,93.01,98.96,74.58,2480,1.85,47.94,13.62,13.14,37.38,535.45,11.37
Santa Rita de Minas (MG),57.87,5.77,98.49,97.72,99.76,72.48,2664,2.26,47.65,8.37,17.39,28.52,395.61,19.32
Santa Rita do Itueto (MG),59.19,1.96,97.51,94.19,98.62,71.76,2350,1.99,50.59,8.97,20.03,26.05,352.98,21.08
Santa Rita do Sapucaí (MG),71.93,4.37,99.3,99.6,99.97,74.8,19655,2.02,42.39,7.64,9.09,51.48,738.4,4.96
Santa Rosa da Serra (MG),75.64,1.84,98.96,99.53,98.66,76.95,1711,2.54,48.37,8.59,13.4,38.87,603.01,8.64
Santa Vitória (MG),67.53,4.21,97.64,99.13,99.71,76.88,9066,2.54,44.02,9.9,12.95,41.3,698.7,4.94
Santo Antônio do Amparo (MG),64.26,5.05,97.64,98.87,99.6,74.39,7841,1.87,47,7.99,13.57,39.51,431.56,12.46
Santo Antônio do Aventureiro (MG),61.04,1.32,100,92.33,99.84,75.45,1590,1.98,48.91,12.24,14.51,30.4,485.5,12.19
Santo Antônio do Grama (MG),60.61,6.86,99.58,98.39,100,74.36,1779,1.81,50.63,11.19,16.34,31.46,393.12,18.65
Santo Antônio do Itambé (MG),58.61,2.36,60.6,97.63,92.55,72.65,1477,2.54,66.26,8.03,25.68,24.21,225.85,45.53
Santo Antônio do Jacinto (MG),62.9,7.56,71.3,87.36,94.88,71.33,5000,2.36,58.84,10.56,31.77,23.86,286.56,35.46
Santo Antônio do Monte (MG),74.8,2.28,99.63,99.77,99.88,75.37,14148,1.88,43.87,7.97,6.78,47.59,781.49,3.06
Santo Antônio do Retiro (MG),46.9,13.79,69.2,95.78,94.71,72.03,2064,2.38,59.48,7.22,34.48,27.29,183.75,57.66
Santo Antônio do Rio Abaixo (MG),58.72,5.21,94.69,96.29,99.55,74.39,736,1.99,49.83,9.85,19.87,36.82,370.28,30.24
Santo Hipólito (MG),56.69,6.12,87.49,77.9,99.11,74.44,1279,2.55,57.18,11.21,18.06,32.99,431.72,21.56
Santos Dumont (MG),54.25,10.94,96.93,98.66,99.97,75.84,18756,1.67,42.81,9.51,7.69,55.34,578.64,12.75
São Bento Abade (MG),77.1,3.63,99.91,100,99.32,73.03,2332,2.7,52.62,5.9,13.97,38.98,458.65,9.59
São Brás do Suaçuí (MG),51,11.66,56.22,96.25,100,73.04,1375,1.51,40.69,10.39,5.01,38.75,532.9,10.08
São Domingos das Dores (MG),52.97,4.69,100,100,99.8,73.01,1907,1.79,49.6,6.14,13.92,31.08,338.29,29.01
São Domingos do Prata (MG),61.88,5.28,97.78,97.18,99.84,74.36,7972,1.43,49.49,11.84,9.4,37.48,531.92,14.02
São Félix de Minas (MG),54.53,7.01,92.13,95.47,99.19,72.68,1259,2.3,53.73,9.85,24.33,27.62,312.33,30.01
São Francisco de Paula (MG),67.78,3.1,97.66,97.35,99.69,73.69,3232,1.73,43.91,9.29,14.1,33.58,484.92,5.54
São Francisco de Sales (MG),62.12,5.16,88.16,99.86,99.79,77.01,2636,2.29,40.95,7.64,11.24,39.46,665.68,9.5
São Francisco do Glória (MG),63.44,5.7,99.01,98.41,99.58,74.96,2392,1.88,49.18,10.58,16.24,34.24,449.2,16.22
São Francisco (MG),61.87,7.81,75.77,91.88,97.83,73.26,20804,2.47,61.52,7.31,19.11,39.21,325.23,37.96
São Geraldo da Piedade (MG),58.62,6.39,91.44,79.07,100,71.43,1683,2.09,58.39,9.8,23.47,28.69,391.27,30.88
São Geraldo do Baixio (MG),55.34,3.65,97.97,91.24,99.45,74.43,1328,2.65,52.29,8.84,22.43,27.49,404.81,20.52
São Geraldo (MG),59.79,2.81,99.53,99.26,99.65,74.85,4549,1.73,45.31,10.36,11.08,36.05,474.14,10.4
São Gonçalo do Abaeté (MG),63.02,4,94.66,97.5,97.14,72.75,2687,2.66,53.27,8.11,12.6,36.49,502.57,12.42
São Gonçalo do Pará (MG),71.96,3.81,99.2,98.05,99.45,75.53,5419,1.74,46.82,9.58,6.98,36.39,558.07,6.15
São Gonçalo do Rio Abaixo (MG),62.07,10.08,97.82,100,99.4,72.52,4292,1.85,47.11,7.99,12.53,39.27,479.04,17.61
São Gonçalo do Rio Preto (MG),67.65,7.72,94.97,89.81,99.81,73.91,1381,1.71,46.85,6.54,19.15,36.82,321.22,25.76
São Gonçalo do Sapucaí (MG),65.79,4.74,93.62,99.65,99.95,75.99,11268,2.03,46.58,8.77,8.56,44.44,648.31,9.82
São Gotardo (MG),72.25,3.08,96.93,98.59,99.79,76.27,16264,2.18,43.09,6.96,8.55,45.03,795.14,4.58
São João Batista do Glória (MG),67.26,7.08,99.9,99.77,99.79,75.69,3421,1.9,41.77,8.55,10.44,39.81,676.07,5.5
São João da Lagoa (MG),69.26,5.89,78.69,88.97,95.48,73.78,2202,2.4,46.32,7.26,16.98,34.56,286.35,32.7
São João da Mata (MG),64.23,3.49,97.92,100,99.52,74.29,1340,1.33,39.05,9.37,11.49,35.68,538.08,8.41
São João da Ponte (MG),63.37,6.38,65.8,58.18,98.83,72.17,10581,2.23,54.94,7.94,31.62,22.56,258.77,37.87
São João das Missões (MG),57.96,13.06,43.7,85.48,83.16,71.57,3772,3.15,74.75,5.45,33.46,26.96,181.77,53.37
São João Del Rei (MG),60.65,6.17,98.19,98.85,99.78,76.57,39011,1.42,39.66,9.38,4.18,57.43,764.74,7.22
São João do Manhuaçu (MG),69.42,1.76,99.33,97.77,99.87,75.16,4801,1.98,49.76,6.23,15.27,32.79,484.15,24.73
São João do Manteninha (MG),53.51,8.67,98.28,97.15,99.66,73.3,2025,2.27,50.33,11.37,22.65,30.19,385.78,16.36
São João do Oriente (MG),54.58,5.56,99.27,97.01,99.9,73.32,3087,1.5,50.12,10.68,17.77,31.17,404.69,17.27
São João do Pacuí (MG),65.29,6.19,58.16,68.27,98.95,72.85,1745,2.51,57.36,8.92,24.17,30.36,346.53,42.34
São João do Paraíso (MG),72.79,8.47,72.54,99.58,98.75,73.46,11046,1.85,49.26,8.02,30.17,30.69,300.81,28.08
São João Evangelista (MG),56.76,6.62,85.63,94.5,98.79,73.37,5942,2.12,56.55,10.54,17.94,34.4,378.41,28.51
São João Nepomuceno (MG),67.29,3.82,99.96,99.83,99.96,75.98,12631,1.61,44.96,10.62,5.62,45.87,608.32,7.3
São Joaquim de Bicas (MG),60.94,7.65,91.44,94.37,99.4,75.62,10894,1.96,43.81,5.91,9.21,41.97,498.26,10.02
São José da Barra (MG),63.72,3.68,99.3,99.85,100,77.56,3074,2.13,41.65,6.59,7.04,47.46,714.22,6.67
São José da Lapa (MG),68.91,7.17,98.02,100,99.91,75.63,9543,1.7,43.95,5.98,5.81,54,540.26,9.47
São José da Safira (MG),63.25,4.52,80.21,88.37,98.74,70.91,1651,3.13,57.52,6.43,25.68,28.83,334.87,24.85
São José da Varginha (MG),69.16,3.33,97.7,99.25,99.53,76.41,2033,2.02,48.18,8.24,7.73,40.52,555.77,10.64
São José do Alegre (MG),67.45,6.72,100,100,99.92,75.2,1957,2.1,48.55,9.78,10.14,40.92,537.13,10.85
São José do Divino (MG),60.62,10.57,91.93,93.85,99.28,71.7,1549,2.35,54.72,9,22.71,39.6,396.81,28.37
São José do Goiabal (MG),58.65,6.54,96.25,97.81,98.3,73.83,2380,1.98,49.77,10.95,13.21,37.38,476.92,18.46
São José do Jacuri (MG),59.22,5.44,80.5,96.76,97.23,69.96,2590,2.61,56.62,10.15,21.85,25.16,298.57,36.15
São José do Mantimento (MG),59.4,12.18,98.57,100,100,74.36,1071,1.71,54.38,9.45,17.43,35.91,359.93,25.15
São Lourenço (MG),65.32,6.56,99.57,99.07,99.98,77.28,20334,1.76,44.31,10.32,4.47,58.77,831.32,5.89
São Miguel do Anta (MG),57.39,2.41,99.32,97.86,99.91,74.7,2809,1.89,46.16,10.72,18.24,29.36,370.37,20.84
São Pedro da União (MG),71.83,1.84,99.36,99.35,100,75.16,2723,1.86,43.39,11.01,13.36,34.22,549.49,9.8
São Pedro dos Ferros (MG),59.8,7.01,97.92,99.23,99.06,72.34,3521,2.19,52.9,10.78,16.53,36.92,406.87,15.94
São Pedro do Suaçuí (MG),52.89,7.57,79.42,88.87,97.8,72.08,2032,1.99,57.75,12.51,20.88,28.52,358.75,27.86
São Romão (MG),67.62,6.51,78.14,87.39,91.24,72.22,4448,2.51,54.22,5.6,16.01,43.8,307.02,35.65
São Roque de Minas (MG),70.24,1.88,95.9,99.79,97.31,75.27,3508,2.09,42.44,9.3,10.49,28.89,621.11,7.33
São Sebastião da Bela Vista (MG),67.22,3.57,99.19,99.61,99.96,75.87,2381,2.31,46.82,8.43,15.42,39.42,573.43,6.35
São Sebastião da Vargem Alegre (MG),65.68,6.36,99.36,97.26,100,74.64,1333,1.95,43.78,8.76,13.15,33.25,406.33,14.83
São Sebastião do Anta (MG),65.13,6.26,99.5,97.9,99.11,70.98,2447,2.27,55.28,6.87,19.5,26.49,327.54,25.46
São Sebastião do Maranhão (MG),56.14,3.88,65.02,76.09,94.88,73.94,3746,2.23,65.82,9.6,27.38,23.15,267.28,42.71
São Sebastião do Oeste (MG),67.41,2.16,81.1,97.3,99.92,74.9,2900,2.11,43.48,9.42,10.29,25.33,545.07,5.94
São Sebastião do Paraíso (MG),69.11,3.86,99.72,99.71,99.59,75.15,32926,1.86,44.31,8.9,6.71,48.48,775.73,4.09
São Sebastião do Rio Preto (MG),63.41,5.17,89.98,90.79,98.79,73.55,739,1.86,60.02,14.69,14.94,27.87,493.59,17.21
São Sebastião do Rio Verde (MG),54.93,5.2,99.61,100,99.26,75.71,886,1.33,41.61,10.76,10.61,38.8,442.98,12.18
São Thomé das Letras (MG),77.57,3.13,98.07,100,98.36,73.03,3550,2.37,44.74,5.65,13.78,40.93,428.33,13.48
São Tiago (MG),60.46,2.29,96.74,99.37,99.71,74.48,4630,1.96,46.66,10.09,8.65,34.52,486.69,10.99
São Tomás de Aquino (MG),69.01,2.74,99.6,99.75,99.86,77.46,3475,2.43,53.2,10.7,12.57,35.89,593.38,5.94
São Vicente de Minas (MG),64.12,4.14,99.49,100,100,75.72,3184,2.31,47.32,9.02,7.64,49.35,527.55,19.83
Sapucaí-Mirim (MG),65.28,4.14,99.23,100,99.93,75.49,2800,2.38,50.75,8.24,11.19,37.13,497.65,9.34
Sardoá (MG),64.83,7.11,86.39,94.78,99,73.71,2319,1.99,58.7,8.17,19.46,32.15,321.6,31.97
Sarzedo (MG),72.48,7.35,98.51,99.41,100,77.28,12794,2.07,45.27,4.47,6.23,54.78,648.26,5.52
Sem-Peixe (MG),66.48,2.17,95.95,88.99,99.45,74.57,1409,1.5,52.41,15.21,16.87,30.75,386.22,20.32
Senador Amaral (MG),69.4,1.59,97.24,100,99.88,74.25,2511,2.55,45.62,5.46,13.55,35.35,385.29,24.03
Senador Cortes (MG),62.93,5.06,99.9,100,100,75.05,870,2.56,51.76,9.61,12.81,34.71,581.34,13.2
Senador Firmino (MG),49.52,3.26,99.78,99.54,99.76,74.75,2606,2.13,50,12.06,10.63,31.8,426.49,13.99
Senador José Bento (MG),69.07,3.22,98.96,98.72,99.71,74.41,1016,1.43,43.91,13.65,12.73,31.49,493.87,8.76
Senador Modestino Gonçalves (MG),65.35,5.32,78.2,98.58,96,71.94,1986,1.74,56.59,10.01,26.71,33.38,271.55,32.31
Senhora de Oliveira (MG),52.67,3.84,93.15,99.22,99.78,73.03,2118,1.65,51.43,10.89,13.8,29.36,339.95,22.94
Senhora do Porto (MG),61.68,3.39,83.5,77.12,97.11,73.1,1453,2.24,65.73,13.1,20.29,17.18,324.4,29.04
Senhora dos Remédios (MG),69.35,7.28,98.55,96.96,99.29,71.56,5201,1.6,44.6,9.48,14.74,28.52,292.26,30.44
Sericita (MG),63.96,1.22,94.54,97.62,98.26,71.56,3103,2.08,51.08,8,19.17,20.87,338.3,25.3
Seritinga (MG),67.83,6.91,98.13,100,100,76.17,888,1.63,42.66,9.78,9.76,41.45,476.43,12.23
Serra Azul de Minas (MG),50.44,5.44,62.74,77.11,93.92,73.55,1260,2.43,66.4,7.37,29.19,27.35,226.22,52.42
Serra da Saudade (MG),67.19,1.29,100,100,97.48,76.78,401,2.66,44.25,9.08,14.33,35.79,494.31,10.9
Serra dos Aimorés (MG),61.3,8.99,92.8,83.7,98.7,72.06,3508,2.62,58.87,10.13,21.08,40.79,464.82,23.54
Serra do Salitre (MG),74.64,2.78,98.21,99.11,99.03,76.11,5475,2.47,45.3,5.97,9.64,39.03,715.23,6.6
Serrania (MG),63.96,2.07,98.37,99.39,99.61,75,3317,2.31,52.64,9.35,14.57,39.35,470.34,11.44
Serranópolis de Minas (MG),63.64,2.45,65.1,99.27,98.26,71.38,1919,2.21,52.01,8.97,25.18,29.4,351.46,31.41
Serranos (MG),54.32,2.66,98.07,97.83,99.01,75.05,784,2.03,46.8,9.57,17.86,31.92,425.18,23.66
Serro (MG),66.58,7.08,80.96,83.28,96.39,75.01,8906,2.6,59.63,8.29,20.47,33.46,457.27,36.35
Sete Lagoas (MG),71.92,7.57,96.49,98.76,99.93,75.37,112538,1.66,39.54,6.8,4.19,59.01,809.26,6.11
Setubinha (MG),63.4,4.14,45.94,66.73,95.3,69.6,3884,3.1,76.19,6.61,35.76,23.51,224.63,50.45
Silveirânia (MG),55.13,5.64,99.61,93.28,99.34,75.45,888,1.88,45.84,11.09,12.08,33.99,441.85,10.68
Silvianópolis (MG),67.83,3.28,99.75,100,99.59,76.87,3051,2.11,47.25,11.7,12.43,38.25,647.64,7.67
Simão Pereira (MG),55.96,13.21,98.6,100,100,75.57,1027,1.55,46.73,9.14,11.45,37.42,442.7,21.99
Simonésia (MG),69.4,2.28,88.94,97.5,99.82,74.36,8668,2.26,51.27,7.68,18.26,31.27,383.01,27.29
Sobrália (MG),54.14,7.35,97.61,95.21,99.95,73.28,2167,2,58.99,11.99,21.33,30.23,357.73,24.14
Soledade de Minas (MG),65.69,5.6,98.88,99.75,99.82,74.88,2738,2.04,48.2,10.57,9.38,43.09,526.23,11.6
Tabuleiro (MG),58.46,5.16,98.58,96.98,100,74.27,1772,1.41,49.41,12.8,13.64,34.39,503.88,11.23
Taiobeiras (MG),67.56,4.8,87.39,98.28,98.95,73.9,14197,1.84,50.03,7.94,19.18,39.06,426.91,22.67
Taparuba (MG),54.95,3.99,90.42,96.22,97.31,72.91,1293,1.57,50.02,13.36,19.53,34.03,344.16,19
Tapiraí (MG),66.38,2.35,95.65,98.59,98.23,75.84,938,2.11,46.21,11.11,13.54,31.64,517.65,13.76
Tapira (MG),71.69,3.03,97.31,89.52,99.4,75.8,2157,2.05,38.83,7.3,7.1,42.01,902,7.19
Taquaraçu de Minas (MG),72.37,5.53,83.48,92.96,99.65,74.06,1954,2.2,49.9,9.49,15.14,32.76,436.05,20.38
Tarumirim (MG),51.9,5.44,89.85,96.72,98.91,74.72,5222,2.05,56.45,12.01,19.22,29.88,364.41,23.85
Teixeiras (MG),57.77,5.18,98.25,97.77,99.7,73.26,4834,1.62,45.09,11.02,10.84,38.69,568.91,13.73
Teófilo Otoni (MG),62.03,9.14,90.27,96.72,98.78,74.45,59528,2.09,48.25,9.07,13.77,49.19,615.34,17.79
Timóteo (MG),64.94,11.55,97.76,98.9,99.91,75.14,38564,1.5,40.6,7.26,4.72,65.47,786.68,5.57
Tiradentes (MG),69.86,2.67,98.85,99.89,99.39,78.1,3626,1.76,37.76,7.07,6.24,49.7,802.39,7.07
Tiros (MG),64.44,1.9,97.79,99.18,99.54,76.13,3354,2.08,46.13,11.77,11.32,32.59,634.3,10.7
Tocantins (MG),65.53,4.59,99.31,98.97,99.81,72.99,7656,1.66,44.65,10.03,9.32,41.22,557.55,7.41
Tocos do Moji (MG),75.58,2.72,99.21,100,99.67,73.49,2346,1.49,37.68,9.97,10.62,35.12,489.05,10.23
Toledo (MG),71.26,1.8,96.68,100,99.83,73.14,2976,2.04,48.33,9.68,17.52,32.98,486.02,9.45
Tombos (MG),59.81,9.58,99.58,99.19,99.79,77.23,4354,1.74,47.79,12.37,12.88,42.66,621.05,15.86
Três Corações (MG),69.23,9.24,98.75,99.77,99.76,76.28,35758,1.93,44.66,7.26,7.41,55.35,749.86,8.84
Três Marias (MG),66.98,8.12,97.83,97.24,98.91,76.93,13266,1.82,42.62,5.76,7.72,56.84,645.33,10.14
Três Pontas (MG),71.75,5.23,98.69,99.5,99.99,75.98,27600,1.74,44.82,7.82,9.36,48.07,682.15,6.9
Tumiritinga (MG),62.74,8.52,80.55,91.21,97.7,74.63,2600,2.43,60.25,9.34,18.95,30.4,366.89,21.85
Tupaciguara (MG),65.62,7.04,98.43,98.6,99.6,76.78,11750,2.08,47.02,11.18,10.02,45.3,665.76,6.81
Turmalina (MG),71.06,6.2,88.21,97.56,99.44,73.98,8693,2.22,48.59,6.8,15.98,39.36,446.26,19.79
Turvolândia (MG),75.28,2.04,98.38,99.77,98.93,74.71,2507,1.97,46.57,8.97,11.6,38.63,649.97,5.79
Ubaí (MG),64.97,9.42,58.47,83.53,97.72,72.22,4742,2.42,61.38,7.17,22.2,35.38,247.91,43.56
Ubá (MG),66.51,3.88,98.98,98.35,99.85,75.45,49356,1.59,41.4,7.38,6.11,50.29,739.56,5.43
Ubaporanga (MG),60.75,6.37,99.17,90.63,99.47,73.32,5096,1.84,49.55,8.7,15.77,27.9,342.3,20.47
Uberaba (MG),70.46,5.17,98.09,99.75,99.85,75.71,157894,1.62,39.28,8.61,4.4,62.95,978.01,3.4
Uberlândia (MG),72.5,4.98,98.97,99.85,99.92,78.09,325407,1.7,38.18,6.84,3.94,64.56,1001.45,2.98
Umburatiba (MG),56.06,8.71,78.73,99.55,98.33,73.88,1026,2.25,56.9,9.57,28.7,36.43,332.13,29.24
Unaí (MG),72.82,5.43,95.27,98.68,97.34,75.83,39885,2.06,42.8,6.15,9.25,48.79,720.51,10.33
União de Minas (MG),62.9,7.71,99.29,98.89,99.67,74.73,2034,2.49,44.28,8.15,14.82,35.02,562.84,12.41
Uruana de Minas (MG),57.23,7.04,90.06,99.5,93.99,72.6,1263,2.46,51.66,8.5,19.71,37.08,360.58,28.09
Urucânia (MG),64.65,8.73,97.32,90.64,99.3,73.67,4582,2.14,49.43,8.21,16.31,33.04,397.46,14.93
Urucuia (MG),60.13,9.49,66.85,96.06,89.57,71.88,4978,2.44,61.97,6.26,14.73,42.69,259.38,35.63
Vargem Alegre (MG),52.78,11.2,97.49,94.99,99.55,74.12,2414,1.95,50.15,9.95,20.39,29.58,407.13,24.08
Vargem Bonita (MG),67.12,1.31,98.58,99.7,98.92,75.8,1093,2.14,44.01,10.4,8.39,37.05,508.67,7.21
Vargem Grande do Rio Pardo (MG),72.32,9.85,75.25,88.58,96.62,73.63,2220,1.64,53.27,7.08,27.77,34.52,265.02,34.97
Varginha (MG),70.37,6.57,98.42,99.88,99.97,77.49,63955,1.5,39.18,7.17,4.92,62.93,904.57,3.83
Varjão de Minas (MG),72.58,7.37,97.62,99.76,98.36,75.79,2996,2.17,45.95,5.4,9.58,45.12,528.14,7.68
Várzea da Palma (MG),64.01,9.76,85.76,97.24,99.13,73.83,15700,2.09,46.19,5.94,12.97,42.01,413.59,16.62
Varzelândia (MG),61.37,7.83,66.33,67.62,98.34,73.37,7243,2.55,62.84,7.9,27.06,28.22,238.92,43.84
Vazante (MG),69.73,6.74,95.69,99.05,99.85,76.96,9919,2.05,42.35,6.83,7.87,52.58,650.88,5.39
Verdelândia (MG),62.31,9.71,59.85,95.64,95.35,72.81,2994,3.13,64.32,5.09,30.03,26.63,233.27,37.92
Veredinha (MG),72.86,5.68,74.82,94.88,98.21,72.11,2755,2.11,47.15,7.33,24.17,33.57,293.08,29.45
Veríssimo (MG),63.57,7.54,92.65,100,97.77,77.16,1593,2.37,47.27,9.1,13.15,31.2,560.98,9.47
Vermelho Novo (MG),60.13,3.36,83.58,99.19,99.93,72.37,2020,1.57,47.96,8.91,14.27,30.43,355.42,30.07
Vespasiano (MG),70.94,7.37,96.91,95.66,99.96,73.65,50988,1.78,43.92,4.67,6.29,47.65,539.05,8.06
Viçosa (MG),68.8,6.26,99.13,98.58,99.9,77.96,37235,1.33,38.52,7.5,5.93,59.49,892.25,7.35
Vieiras (MG),51.59,3.46,99.93,99.17,99.92,73.47,1435,2.06,44.17,10.24,15.58,35.8,386.39,18.1
Virgem da Lapa (MG),58.31,10.1,73.82,93.92,97.59,72.83,5537,1.72,50.47,9.62,24.13,30.66,305.36,34.31
Virgínia (MG),59.06,2.09,97.49,100,99.61,74.73,3744,1.93,44.15,8.87,13.26,33.07,415.41,19.33
Virginópolis (MG),60.68,7.52,86.54,96.07,98.51,74.86,4386,1.52,53.6,10.15,14.09,40.83,423.01,19.28
Virgolândia (MG),61.09,5.88,85.41,80.1,96.51,72.71,2348,2.2,61.29,12.25,23.22,28.01,339.03,31.97
Visconde do Rio Branco (MG),65.92,5.04,98.08,99.44,99.9,75.97,18314,2.03,43.68,8.85,9.23,43.96,658.96,6.47
Volta Grande (MG),58.45,6.71,100,95.86,99.87,75.45,2090,2.32,52.07,10.32,13.03,40.77,515.46,15.66
Wenceslau Braz (MG),53.46,1.56,83.33,100,99.52,75.53,1006,1.76,46.56,9.71,5.8,38.37,439.73,15.09
